cardId,gameType,number,text,intensity,heatMin,heatMax,relationStage,targetMode,responseMode,interactionType,consentMode,matchRequired,boundaryTags,semanticType,topic,infoGain,learned,promotesUnderstanding,socialEnergy,relationshipProgression,duplicateCluster,verdict,disposition
"PN-CHEM-001","chemistry","1","双方先互猜：对方现在的状态更像“还很有电” VS “已经开始放松”；再同时揭晓。每猜中一次记1个默契点。","1","1","2","notice","system-pair","public","prediction","skip-anytime","false","","相互了解","现场化学反应","低","知道了对方此刻更偏还很有电还是已经开始放松，但只是今晚的临时状态","弱","中","中","mutual-guess-reveal","改写候选","REWRITE_CANDIDATE"
"PN-CHEM-002","chemistry","2","双方先互猜：如果现在加一份小吃，对方更可能选甜口 VS 咸口；再同时揭晓。","1","1","2","notice","system-pair","public","prediction","skip-anytime","false","","相互了解","生活方式","中","知道了对方加小吃时更偏甜口还是咸口","弱","中","中","mutual-guess-reveal","保留","KEEP_CANDIDATE"
"PN-CHEM-003","chemistry","3","双方先互猜：下一轮自由发言时，对方更可能先抛问题 VS 先讲自己的故事；再同时揭晓。","1","1","2","notice","system-pair","public","prediction","skip-anytime","false","","相互了解","性格/习惯/小癖好","中","知道了对方自由发言时更偏先抛问题还是先讲自己的故事","弱","中","中","mutual-guess-reveal","保留","KEEP_CANDIDATE"
"PN-CHEM-004","chemistry","4","双方先互猜：对方更容易记住一个新朋友的名字 VS 对方讲过的小细节；再同时揭晓。","1","1","2","notice","system-pair","public","prediction","skip-anytime","false","","相互了解","性格/习惯/小癖好","中","知道了对方更容易记住新朋友名字还是对方讲过的小细节","弱","中","中","mutual-guess-reveal","保留","KEEP_CANDIDATE"
"PN-CHEM-005","chemistry","5","双方先互猜：如果现场突然放到熟悉的歌，对方更可能跟着哼两句 VS 安静听；再同时揭晓。","1","1","2","notice","system-pair","public","prediction","skip-anytime","false","","相互了解","性格/习惯/小癖好","中","知道了对方听到熟悉的歌更偏跟着哼两句还是安静听","弱","中","中","mutual-guess-reveal","保留","KEEP_CANDIDATE"
"PN-CHEM-006","chemistry","6","双方先互猜：遇到一个很好笑的场面，对方更可能先笑出来 VS 先忍住看别人反应；再同时揭晓。","1","1","2","notice","system-pair","public","prediction","skip-anytime","false","","相互了解","性格/习惯/小癖好","中","知道了对方遇到好笑场面更偏先笑出来还是先忍住看别人反应","弱","中","中","mutual-guess-reveal","保留","KEEP_CANDIDATE"
"PN-CHEM-007","chemistry","7","双方先互猜：如果大家开始讨论下一摊，对方更可能马上参与决定 VS 先听大家意见；再同时揭晓。","1","1","2","notice","system-pair","public","prediction","skip-anytime","false","","相互了解","性格/习惯/小癖好","中","知道了对方讨论下一摊时更偏马上参与决定还是先听大家意见","弱","中","中","mutual-guess-reveal","保留","KEEP_CANDIDATE"
"PN-CHEM-008","chemistry","8","双方先互猜：今晚结束前，对方更可能主动拍一张合照 VS 不特别想拍；再同时揭晓。","1","1","2","notice","system-pair","public","prediction","skip-anytime","false","","相互了解","性格/习惯/小癖好","中","知道了对方今晚结束前更偏主动拍合照还是不特别想拍","弱","中","中","mutual-guess-reveal","保留","KEEP_CANDIDATE"
"PN-CHEM-009","chemistry","9","双方先互猜：别人说了一件有趣的事，对方更可能马上追问细节 VS 接着分享自己的类似经历；再同时揭晓。","2","2","3","know","system-pair","public","prediction","skip-anytime","false","","相互了解","性格/习惯/小癖好","中","知道了对方听到有趣的事更偏马上追问细节还是接着分享自己的类似经历","弱","中","中","mutual-guess-reveal","保留","KEEP_CANDIDATE"
"PN-CHEM-010","chemistry","10","双方先互猜：如果要推荐一样东西，对方更可能推荐一首歌 VS 一部电影；再同时揭晓。","2","2","3","know","system-pair","public","prediction","skip-anytime","false","","相互了解","兴趣爱好","中","知道了对方推荐东西时更偏推荐一首歌还是一部电影","弱","中","中","mutual-guess-reveal","保留","KEEP_CANDIDATE"
"PN-CHEM-011","chemistry","11","双方先互猜：第一次见一个人，对方更容易先注意说话方式 VS 穿搭气质；再同时揭晓。","2","2","3","know","system-pair","public","prediction","skip-anytime","false","","相互了解","择偶偏好/吸引力","中","知道了对方第一次见一个人更容易先注意说话方式还是穿搭气质","弱","中","中","mutual-guess-reveal","保留","KEEP_CANDIDATE"
"PN-CHEM-012","chemistry","12","双方先互猜：收到一句夸奖时，对方更容易因为公开被夸 VS 私下被夸而开心；再同时揭晓。","2","2","3","know","system-pair","public","prediction","skip-anytime","false","","相互了解","性格/习惯/小癖好","中","知道了对方收到夸奖时更容易因为公开被夸还是私下被夸而开心","弱","中","中","mutual-guess-reveal","保留","KEEP_CANDIDATE"
"PN-CHEM-013","chemistry","13","双方先互猜：如果突然被喜欢的人注意到，对方更可能变安静一点 VS 开更多玩笑；再同时揭晓。","2","2","3","know","system-pair","public","prediction","skip-anytime","false","","相互了解","性格/习惯/小癖好","中","知道了对方突然被喜欢的人注意到时更偏变安静一点还是开更多玩笑","弱","中","高","mutual-guess-reveal","保留","KEEP_CANDIDATE"
"PN-CHEM-014","chemistry","14","双方先互猜：想表达好感时，对方更可能用直接的话 VS 用细节和行动；再同时揭晓。","2","2","3","know","system-pair","public","prediction","skip-anytime","false","","相互了解","恋爱观","中","知道了对方想表达好感时更偏用直接的话还是用细节和行动","弱","中","高","mutual-guess-reveal","保留","KEEP_CANDIDATE"
"PN-CHEM-015","chemistry","15","双方先互猜：一场玩得很开心的聚会结束后，对方更可能保存照片 VS 更在意记住当时的感觉；再同时揭晓。","2","2","3","know","system-pair","public","prediction","skip-anytime","false","","相互了解","性格/习惯/小癖好","中","知道了对方聚会结束后更偏保存照片还是更在意记住当时的感觉","弱","中","中","mutual-guess-reveal","保留","KEEP_CANDIDATE"
"PN-CHEM-016","chemistry","16","双方先互猜：如果真的想再见一个人，对方更可能主动定时间 VS 等一个自然机会；再同时揭晓。","2","2","3","know","system-pair","public","prediction","skip-anytime","false","","相互了解","恋爱观","中","知道了对方真的想再见一个人时更偏主动定时间还是等一个自然机会","弱","中","高","mutual-guess-reveal","保留","KEEP_CANDIDATE"
"PN-CHEM-017","chemistry","17","双方先互猜：如果只能选一种轻松的下一次见面，对方更可能选喝点东西 VS 散步；再同时揭晓。","2","2","3","know","system-pair","public","prediction","skip-anytime","false","","相互了解","生活方式","高","知道了对方下一次轻松见面更偏喝点东西还是散步，之后能复述","是","中","高","mutual-guess-reveal","保留","PRIORITY_KEEP"
"PN-CHEM-018","chemistry","18","双方先互猜：一段聊天结束后，对方更容易记住某句原话 VS 整体相处的感觉；再同时揭晓。","2","2","3","know","system-pair","public","prediction","skip-anytime","false","","相互了解","性格/习惯/小癖好","中","知道了对方聊天结束后更容易记住某句原话还是整体相处的感觉","弱","中","中","mutual-guess-reveal","保留","KEEP_CANDIDATE"
"PN-CHEM-019","chemistry","19","你先猜：TA聊天时更偏主动 VS 更偏倾听；TA再公布自己的答案。","3","3","4","signal","signal-pair","public","prediction","skip-anytime","false","","相互了解","性格/习惯/小癖好","中","知道了对方聊天时自认更偏主动还是更偏倾听","弱","中","中","guess-then-reveal","保留","KEEP_CANDIDATE"
"PN-CHEM-020","chemistry","20","你先猜：TA更容易第一眼有感觉 VS 越聊越有感觉；TA再公布答案。","3","3","4","signal","signal-pair","public","prediction","skip-anytime","false","","相互了解","择偶偏好/吸引力","高","知道了对方自认更容易第一眼有感觉还是越聊越有感觉，之后能复述","是","中","高","guess-then-reveal","保留","PRIORITY_KEEP"
"PN-CHEM-021","chemistry","21","你先猜：TA更在意回复速度 VS 回复内容；TA再公布答案。","3","3","4","signal","signal-pair","public","prediction","skip-anytime","false","","相互了解","生活方式","中","知道了对方自认更在意回复速度还是回复内容","弱","中","中","guess-then-reveal","保留","KEEP_CANDIDATE"
"PN-CHEM-022","chemistry","22","你先猜：TA更喜欢提前计划见面 VS 临时起意；TA再公布答案。","3","3","4","signal","signal-pair","public","prediction","skip-anytime","false","","相互了解","生活方式","高","知道了对方自认更喜欢提前计划见面还是临时起意，之后能复述","是","中","高","guess-then-reveal","保留","PRIORITY_KEEP"
"PN-CHEM-023","chemistry","23","你先猜：TA更吃直球夸奖 VS 细节关心；TA再公布答案。","3","3","4","signal","signal-pair","public","prediction","skip-anytime","false","","相互了解","择偶偏好/吸引力","高","知道了对方自认更吃直球夸奖还是细节关心，之后能复述","是","中","高","guess-then-reveal","保留","PRIORITY_KEEP"
"PN-CHEM-024","chemistry","24","你先猜：TA有好感时更主动 VS 更害羞；TA再公布答案。","3","3","4","signal","signal-pair","public","prediction","skip-anytime","false","","相互了解","恋爱观","中","知道了对方自认有好感时更主动还是更害羞","弱","中","高","guess-then-reveal","保留","KEEP_CANDIDATE"
"PN-CHEM-025","chemistry","25","你先猜：TA更看重共同兴趣 VS 性格互补；TA再公布答案。","3","3","4","signal","signal-pair","public","prediction","skip-anytime","false","","相互了解","择偶偏好/吸引力","高","知道了对方自认更看重共同兴趣还是性格互补，之后能复述","是","中","高","guess-then-reveal","保留","PRIORITY_KEEP"
"PN-CHEM-026","chemistry","26","你先猜：TA更喜欢热闹的约会 VS 安静的约会；TA再公布答案。","3","3","4","signal","signal-pair","public","prediction","skip-anytime","false","","相互了解","生活方式","高","知道了对方自认更喜欢热闹的约会还是安静的约会，之后能复述","是","中","高","guess-then-reveal","保留","PRIORITY_KEEP"
"PN-CHEM-027","chemistry","27","你先猜：TA更相信语言表达 VS 行动表达；TA再公布答案。","3","3","4","signal","signal-pair","public","prediction","skip-anytime","false","","相互了解","恋爱观","高","知道了对方自认更相信语言表达还是行动表达，之后能复述","是","中","高","guess-then-reveal","保留","PRIORITY_KEEP"
"PN-CHEM-028","chemistry","28","你先猜：TA更容易被幽默打动 VS 被温柔打动；TA再公布答案。","3","3","4","signal","signal-pair","public","prediction","skip-anytime","false","","相互了解","择偶偏好/吸引力","高","知道了对方自认更容易被幽默打动还是被温柔打动，之后能复述","是","中","高","guess-then-reveal","保留","PRIORITY_KEEP"
"PN-CHEM-029","chemistry","29","你先猜：TA更喜欢先做朋友慢慢了解 VS 较早确认彼此感觉；TA再公布答案。","3","3","4","signal","signal-pair","public","prediction","skip-anytime","false","","相互了解","恋爱观","高","知道了对方自认更喜欢先做朋友慢慢了解还是较早确认彼此感觉，之后能复述","是","中","高","guess-then-reveal","保留","PRIORITY_KEEP"
"PN-CHEM-030","chemistry","30","你先猜：TA更喜欢一次聊很久 VS 短一点但经常联系；TA再公布答案。","3","3","4","signal","signal-pair","public","prediction","skip-anytime","false","","相互了解","生活方式","高","知道了对方自认更喜欢一次聊很久还是短一点但经常联系，之后能复述","是","中","高","guess-then-reveal","保留","PRIORITY_KEEP"
"PN-CHEM-031","chemistry","31","私密同时选择：如果下一轮可以自由选搭档，你会继续选对方 VS 交给系统随机。只有双方都选“继续选对方”时才显示“默契命中”。","4","4","4","flirt","signal-pair","private-mutual-result","preference","private-mutual-only","false","relationship-sensitive","暧昧推进","现场化学反应","低","知道了对方此刻想不想下一轮继续选自己做搭档，只对这对组合这一次有效","弱","低","高","private-mutual-continue","保留","SOCIAL_BUFFER_POOL"
"PN-CHEM-032","chemistry","32","私密同时选择：如果现在还能单独聊十分钟，你愿意 VS 看情况。只有双方都选“愿意”时才显示。","4","4","4","flirt","signal-pair","private-mutual-result","preference","private-mutual-only","false","relationship-sensitive","暧昧推进","现场化学反应","低","知道了对方此刻愿不愿意和自己再单独聊十分钟，只对这对组合这一次有效","弱","低","高","private-mutual-continue","保留","SOCIAL_BUFFER_POOL"
"PN-CHEM-033","chemistry","33","私密同时选择：散场以后如果对方继续找你聊天，你愿意继续 VS 今晚到这里就好。只显示双方共同结果。","4","4","4","flirt","signal-pair","private-mutual-result","preference","private-mutual-only","false","relationship-sensitive","暧昧推进","现场化学反应","低","知道了对方散场后愿不愿意继续和自己聊天，只对这对组合这一次有效","弱","低","高","private-mutual-continue","保留","SOCIAL_BUFFER_POOL"
"PN-CHEM-034","chemistry","34","私密同时选择：假设一周内收到对方一次轻松邀约，你会选“愿意去” VS “先看情况”；只在双方都选“愿意去”时显示共同结果。","4","4","4","flirt","signal-pair","private-mutual-result","preference","private-mutual-only","false","relationship-sensitive","暧昧推进","现场化学反应","低","知道了一周内收到对方轻松邀约时对方愿不愿意去，只对这对组合这一次有效","弱","低","高","private-mutual-continue","保留","SOCIAL_BUFFER_POOL"
"PN-CHEM-035","chemistry","35","私密同时选择：如果系统后面再次把你们配到一起，你会开心 VS 都可以。只有双方都选“开心”时才显示。","4","4","4","flirt","signal-pair","private-mutual-result","preference","private-mutual-only","false","relationship-sensitive","暧昧推进","现场化学反应","低","知道了对方是否开心下次再被系统配到一起，只对这对组合这一次有效","弱","低","高","private-mutual-continue","保留","SOCIAL_BUFFER_POOL"
"PN-CHEM-036","chemistry","36","私密同时选择：如果对方主动交换联系方式，你欢迎 VS 随缘。只有双方都选“欢迎”时才显示。","4","4","4","flirt","signal-pair","private-mutual-result","preference","private-mutual-only","false","relationship-sensitive","暧昧推进","现场化学反应","低","知道了对方欢不欢迎和自己交换联系方式，只对这对组合这一次有效","弱","低","高","private-mutual-continue","保留","SOCIAL_BUFFER_POOL"
"PN-CHEM-037","chemistry","37","私密同时选择：下次又在同一场合见面，你会主动打招呼 VS 等对方。答案一致时显示“节奏一致”。","4","4","4","flirt","signal-pair","private-mutual-result","preference","private-mutual-only","false","relationship-sensitive","暧昧推进","现场化学反应","低","知道了对方下次见面会主动打招呼还是等对方，只对这对组合这一次有效","弱","低","高","private-mutual-continue","保留","SOCIAL_BUFFER_POOL"
"PN-CHEM-038","chemistry","38","私密同时选择：如果出现一个双人任务，你更愿意继续和对方 VS 随机换人。只有双方都选对方时才显示。","4","4","4","flirt","signal-pair","private-mutual-result","preference","private-mutual-only","false","relationship-sensitive","暧昧推进","现场化学反应","低","知道了对方有双人任务时更愿意继续和自己还是随机换人，只对这对组合这一次有效","弱","低","高","private-mutual-continue","保留","SOCIAL_BUFFER_POOL"
"PN-CHEM-039","chemistry","39","私密同时选择：如果今晚还有下一摊，你愿意和对方一起去 VS 各自安排。只有双方都愿意时才显示。","4","4","4","flirt","signal-pair","private-mutual-result","preference","private-mutual-only","false","relationship-sensitive","暧昧推进","现场化学反应","低","知道了对方愿不愿意和自己一起去下一摊，只对这对组合这一次有效","弱","低","高","private-mutual-continue","保留","SOCIAL_BUFFER_POOL"
"PN-CHEM-040","chemistry","40","两个人同时选：想进一步了解一个人时，更喜欢靠聊天了解 VS 靠一起做事了解；看看答案是否一致。","4","4","4","flirt","signal-pair","public","preference","skip-anytime","false","relationship-sensitive","相互了解","恋爱观","高","知道了对方想进一步了解一个人时更喜欢靠聊天了解还是靠一起做事了解，之后能复述","是","中","高","-","保留","PRIORITY_KEEP"
"PN-CHEM-041","chemistry","41","MATCH题：双方先猜对方下次更想选“白天轻松见” VS “晚上再喝点东西”，再分别揭晓自己的答案；看彼此有没有猜中。","5","4","4","continue","match-pair","public","preference","skip-anytime","true","relationship-sensitive","相互了解","生活方式","高","知道了对方下次更想选白天轻松见还是晚上再喝点东西，之后能复述","是","中","高","match-next-meet-guess","保留","PRIORITY_KEEP"
"PN-CHEM-042","chemistry","42","MATCH题：双方先猜对方下一次更想聊“轻松日常” VS “更深一点的价值观和经历”，再揭晓。","5","4","4","continue","match-pair","public","preference","skip-anytime","true","relationship-sensitive","相互了解","恋爱观","高","知道了对方下一次更想聊轻松日常还是更深一点的价值观和经历，之后能复述","是","中","高","match-next-meet-guess","保留","PRIORITY_KEEP"
"PN-CHEM-043","chemistry","43","MATCH题：双方先猜对方更喜欢怎样收到下一次邀请：“直接给时间地点” VS “先问哪天方便”，再揭晓。","5","4","4","continue","match-pair","public","preference","skip-anytime","true","relationship-sensitive","相互了解","恋爱观","高","知道了对方更喜欢被直接给时间地点还是先问哪天方便，之后能复述","是","中","高","match-next-meet-guess","保留","PRIORITY_KEEP"
"PN-CHEM-044","chemistry","44","MATCH题：双方先猜对方更希望自己以后被记住的是“好玩的一面” VS “认真可靠的一面”，再揭晓。","5","4","4","continue","match-pair","public","preference","skip-anytime","true","relationship-sensitive","相互了解","性格/习惯/小癖好","高","知道了对方更希望以后被记住好玩的一面还是认真可靠的一面，之后能复述","是","中","高","match-next-meet-guess","保留","PRIORITY_KEEP"
"PN-CHEM-045","chemistry","45","MATCH题：双方先猜对方觉得下一次见面更舒服的是“短一点、轻松试试看” VS “留出完整一段时间”，再揭晓。","5","4","4","continue","match-pair","public","preference","skip-anytime","true","relationship-sensitive","相互了解","生活方式","高","知道了对方觉得下次见面更舒服的是短一点轻松试试看还是留出完整一段时间，之后能复述","是","中","高","match-next-meet-guess","保留","PRIORITY_KEEP"
"PN-CHEM-046","chemistry","46","MATCH题：双方先猜对方更喜欢“见面前偶尔聊几句” VS “平时少聊、见面认真聊”，再揭晓。","5","4","4","continue","match-pair","public","preference","skip-anytime","true","relationship-sensitive","相互了解","生活方式","高","知道了对方更喜欢见面前偶尔聊几句还是平时少聊见面认真聊，之后能复述","是","中","高","match-next-meet-guess","保留","PRIORITY_KEEP"
"PN-CHEM-047","chemistry","47","MATCH题：双方先猜对方更希望关系节奏是“先多见几次自然发展” VS “早点把彼此感觉说清楚”，再揭晓。","5","4","4","continue","match-pair","public","preference","skip-anytime","true","relationship-sensitive","相互了解","恋爱观","高","知道了对方更希望关系节奏是先多见几次自然发展还是早点把彼此感觉说清楚，之后能复述","是","中","高","match-next-meet-guess","保留","PRIORITY_KEEP"
"PN-CHEM-048","chemistry","48","MATCH题：双方先猜对方今晚现在更想“再聊一会儿” VS “把今晚停在一个舒服的位置”，再揭晓；答案不用于强迫任何下一步。","5","4","4","continue","match-pair","public","preference","skip-anytime","true","relationship-sensitive","相互了解","现场化学反应","低","知道了对方今晚此刻更想再聊一会儿还是把今晚停在舒服的位置，只对今晚有效","弱","中","中","match-next-meet-guess","改写候选","REWRITE_CANDIDATE"
"PN-CHEM-049","chemistry","49","MATCH题：双方先猜对方更把哪一种行为当作“认真信号”：“主动确认下一次” VS “尊重节奏、不连续施压”，再揭晓。","5","4","4","continue","match-pair","public","preference","skip-anytime","true","relationship-sensitive","相互了解","恋爱观","高","知道了对方更把主动确认下一次还是尊重节奏不连续施压当作认真信号，之后能复述","是","中","高","match-next-meet-guess","保留","PRIORITY_KEEP"
"PN-CHEM-050","chemistry","50","MATCH终局复核：今晚之后，你还想再见 TA 一次吗？愿意 / 看感觉。","5","4","4","continue","match-pair","private-mutual-result","preference","private-mutual-only","true","relationship-sensitive","暧昧推进","现场化学反应","低","知道了对方今晚之后还想不想再见自己一次，只对这对组合这一次有效","弱","低","高","-","保留","SOCIAL_BUFFER_POOL"
"PN-DARE-001","dare","1","两个人拿起手边饮料或空杯，隔空示意一下，各说一个“希望今晚是什么感觉”的词；不要求碰杯或饮用。","1","1","2","notice","system-opposite-sex","public","action","skip-anytime","false","","自我披露","现场化学反应","低","知道了这两个人今晚各自希望是什么感觉，各说了一个词，只管今晚","弱","中","中","tonight-mood","改写候选","REWRITE_CANDIDATE"
"PN-DARE-002","dare","2","TA 做一个简单手势，你立刻模仿；然后交换一次。","1","1","2","notice","system-opposite-sex","public","action","skip-anytime","false","","行动互动","无明确人物信息增量","0","没多知道谁的什么，只做了个互相模仿手势的动作","否","中","中","mirror-mimic-act","改写候选","REWRITE_CANDIDATE"
"PN-DARE-003","dare","3","两个人各自指向现场一个最先吸引你注意的非人物细节，比如灯光、音乐或摆设；同时揭晓。","1","1","2","notice","system-opposite-sex","public","action","skip-anytime","false","","行动互动","无明确人物信息增量","0","没知道人的事，只知道两人各自先注意到了哪个灯光或摆设","否","低","低","simultaneous-choice-reveal","删除候选","DELETE_CANDIDATE"
"PN-DARE-004","dare","4","轮流用一句话把对方介绍给全桌，只能根据刚才的聊天，不评价外貌。","1","1","2","notice","system-opposite-sex","public","action","skip-anytime","false","","相互了解","现场化学反应","低","知道了这两个人刚才聊到了什么，被对方复述出来了一遍，没有新增","弱","中","高","-","保留","SOCIAL_BUFFER_POOL"
"PN-DARE-005","dare","5","一个人在空中画一个简单图形，另一个人10秒内猜出来。","1","1","2","notice","system-opposite-sex","public","action","skip-anytime","false","","行动互动","无明确人物信息增量","0","没多知道谁的什么，只玩了个空中画图来猜的游戏","否","中","中","draw-guess-act","改写候选","REWRITE_CANDIDATE"
"PN-DARE-006","dare","6","两个人同时从“聊天 / 游戏 / 听歌”里选一个此刻最想做的，用手势或口头同时揭晓。","1","1","2","notice","system-opposite-sex","public","action","skip-anytime","false","","自我披露","现场化学反应","低","知道了这两个人此刻最想做聊天还是游戏还是听歌，只管此刻","弱","中","中","simultaneous-choice-reveal","改写候选","REWRITE_CANDIDATE"
"PN-DARE-007","dare","7","一个人设计一个3秒动作，另一个人马上跟着完成。","1","1","2","notice","system-opposite-sex","public","action","skip-anytime","false","","行动互动","无明确人物信息增量","0","没多知道谁的什么，只做了一个3秒动作跟做","否","中","中","mirror-mimic-act","改写候选","REWRITE_CANDIDATE"
"PN-DARE-008","dare","8","两个人同时做一个“今晚最符合自己心情”的表情，然后互相看一眼。","1","1","2","notice","system-opposite-sex","public","action","skip-anytime","false","","自我披露","现场化学反应","低","知道了这两个人今晚各自的心情表情，换个局就作废","弱","中","中","tonight-mood","改写候选","REWRITE_CANDIDATE"
"PN-DARE-009","dare","9","面对对方，各说一句不涉及外貌的轻松夸奖，可以夸聊天、反应、幽默或气氛感。","2","2","3","know","system-opposite-sex","public","action","skip-anytime","false","","现场评价/猜测","现场化学反应","低","知道了对方夸了自己哪一点，比如聊天或反应，是一次临时评价","弱","高","高","compliment-line","保留","SOCIAL_BUFFER_POOL"
"PN-DARE-010","dare","10","一个人连续做3个简单动作，另一个人按原顺序完整复制。","2","2","3","know","system-opposite-sex","public","action","skip-anytime","false","","行动互动","无明确人物信息增量","0","没多知道谁的什么，只复制了3个连续动作","否","中","中","mirror-mimic-act","改写候选","REWRITE_CANDIDATE"
"PN-DARE-011","dare","11","两个人一起想一个今晚专属的两词小口号，下一轮开始时一起说出来。","2","2","3","know","system-opposite-sex","public","action","skip-anytime","false","","纯看戏/低信息","无明确人物信息增量","0","没多知道谁的什么，只一起编了个今晚喊的口号","否","中","中","slogan-cipher","改写候选","REWRITE_CANDIDATE"
"PN-DARE-012","dare","12","面对面站好，一人慢慢做一个动作，另一人像镜子一样同步完成5秒。","2","2","3","know","system-opposite-sex","public","action","skip-anytime","false","","行动互动","无明确人物信息增量","0","没多知道谁的什么，只做了5秒镜子同步动作","否","中","中","mirror-mimic-act","改写候选","REWRITE_CANDIDATE"
"PN-DARE-013","dare","13","两个人各自用一句话推荐一个适合聚会结束后继续做的轻松活动，不要求真的去。","2","2","3","know","system-opposite-sex","public","action","skip-anytime","false","","自我披露","生活方式","中","知道了这两个人聚会后偏想去做什么，比如吃夜宵还是散步，偏好大致稳定","弱","中","中","venue-afterparty-pref","保留","KEEP_CANDIDATE"
"PN-DARE-014","dare","14","一个人用表情演“开心 / 紧张 / 心动”中的一个，另一个人猜。","2","2","3","know","system-opposite-sex","public","action","skip-anytime","false","","行动互动","现场化学反应","低","知道了这个人演的开心还是紧张还是心动被猜没猜中，只是一次现场反应","弱","高","中","draw-guess-act","保留","SOCIAL_BUFFER_POOL"
"PN-DARE-015","dare","15","两个人一起观察现场10秒，各自说一个“最像今晚气氛”的词，看会不会撞答案。","2","2","3","know","system-opposite-sex","public","action","skip-anytime","false","","自我披露","现场化学反应","低","知道了这两个人觉得今晚气氛像什么词，有没有撞答案，只管今晚","弱","中","低","tonight-mood","改写候选","REWRITE_CANDIDATE"
"PN-DARE-016","dare","16","交换位置坐一轮，模仿一下刚才对方最典型的动作。","2","2","3","know","system-opposite-sex","public","action","skip-anytime","false","","行动互动","无明确人物信息增量","0","没多知道谁的什么，只换位模仿了下对方典型动作","否","高","中","mirror-mimic-act","保留","SOCIAL_BUFFER_POOL"
"PN-DARE-017","dare","17","对方指定一个简单姿势，你完成；然后交换。","2","2","3","know","system-opposite-sex","public","action","skip-anytime","false","","行动互动","无明确人物信息增量","0","没多知道谁的什么，只按对方指定摆了个姿势再交换","否","中","中","mirror-mimic-act","改写候选","REWRITE_CANDIDATE"
"PN-DARE-018","dare","18","两个人各选现场一个你觉得最适合继续聊天的位置类型，比如吧台边、沙发区或户外；同时揭晓，不要求移动。","2","2","3","know","system-opposite-sex","public","action","skip-anytime","false","","自我披露","生活方式","中","知道了这两个人偏喜欢在吧台边还是沙发区聊天，环境偏好大致稳定","弱","中","中","venue-afterparty-pref","保留","KEEP_CANDIDATE"
"PN-DARE-019","dare","19","选一个你愿意搭档的人；如果对方也愿意，下一轮坐到 TA 旁边。","3","3","4","signal","choose-opposite-sex","public","action","mutual-current-consent","false","proximity","暧昧推进","择偶偏好/吸引力","中","知道了这个人愿意跟谁搭档、愿意坐到谁旁边，表露了对谁有好感","弱","高","高","sit-next-to","保留","KEEP_CANDIDATE"
"PN-DARE-020","dare","20","双方都愿意的话，选一个人面对面对视5秒，中间不用故意做鬼脸。","3","3","4","signal","choose-opposite-sex","public","action","mutual-current-consent","false","proximity","暧昧推进","现场化学反应","低","知道了这两个人敢不敢跟对方对视5秒，是一次临时张力","弱","高","高","eye-contact-stare","保留","SOCIAL_BUFFER_POOL"
"PN-DARE-021","dare","21","两个人站起来，相隔一步，同时向对方做一个“请”的动作。","3","3","4","signal","choose-opposite-sex","public","action","skip-anytime","false","","行动互动","无明确人物信息增量","0","没多知道谁的什么，只同时做了个请的动作","否","低","低","-","删除候选","DELETE_CANDIDATE"
"PN-DARE-022","dare","22","选一个人，两个人并排站10秒，让其他人给你们想一个组合名字。","3","3","4","signal","choose-opposite-sex","public","action","skip-anytime","false","","纯看戏/低信息","现场化学反应","0","没多知道谁的什么，只知道全场给这两人起了个什么组合名","否","高","中","-","保留","SOCIAL_BUFFER_POOL"
"PN-DARE-023","dare","23","双方都愿意的话，面对面完成5秒镜像动作，这一次只看对方的眼睛判断动作。","3","3","4","signal","choose-opposite-sex","public","action","mutual-current-consent","false","proximity","暧昧推进","现场化学反应","低","知道了这两个人敢不敢只看眼睛完成镜像，是一次临时配合","弱","中","高","eye-contact-stare","保留","SOCIAL_BUFFER_POOL"
"PN-DARE-024","dare","24","选一个人；如果对方也愿意，坐到 TA 旁边一起完成下一道题，再回原位。","3","3","4","signal","choose-opposite-sex","public","action","mutual-current-consent","false","proximity","暧昧推进","择偶偏好/吸引力","中","知道了这个人愿意坐到谁旁边一起做下一题，表露了选择","弱","中","高","sit-next-to","保留","KEEP_CANDIDATE"
"PN-DARE-025","dare","25","两个人面对面同时数3、2、1，然后各向左或向右歪头，看会不会刚好同方向。","3","3","4","signal","choose-opposite-sex","public","action","skip-anytime","false","","行动互动","无明确人物信息增量","0","没多知道谁的什么，只知道两人歪头有没有刚好同方向","否","中","中","simultaneous-choice-reveal","改写候选","REWRITE_CANDIDATE"
"PN-DARE-026","dare","26","找一个你觉得今晚比较有默契的人，一起设计一个只有你们知道的暗号动作。","3","3","4","signal","choose-opposite-sex","public","action","skip-anytime","false","","暧昧推进","择偶偏好/吸引力","中","知道了这个人觉得跟谁有默契、愿意跟谁共创暗号","弱","高","高","slogan-cipher","保留","KEEP_CANDIDATE"
"PN-DARE-027","dare","27","两个人面对面站好，各自模仿一次对方今晚最有代表性的动作。","3","3","4","signal","choose-opposite-sex","public","action","skip-anytime","false","","行动互动","无明确人物信息增量","0","没多知道谁的什么，只模仿了一次对方今晚的代表动作","否","中","中","mirror-mimic-act","改写候选","REWRITE_CANDIDATE"
"PN-DARE-028","dare","28","选一个人，在不碰到对方的情况下完成一个“双人合照姿势”，坚持5秒。","3","3","4","signal","choose-opposite-sex","public","action","skip-anytime","false","","暧昧推进","现场化学反应","低","知道了这两个人敢摆什么双人合照姿势，是一次临时配合","弱","高","高","duo-pose-photo","保留","SOCIAL_BUFFER_POOL"
"PN-DARE-029","dare","29","选择一个人，你们轮流向前一步，直到其中一方觉得这个聊天距离最舒服，就停在那里3秒。","3","3","4","signal","choose-opposite-sex","public","action","mutual-current-consent","false","proximity","暧昧推进","亲密/性观念","中","知道了这个人觉得跟对方多近聊天最舒服，大致能复述","弱","高","高","comfortable-distance-step","保留","KEEP_CANDIDATE"
"PN-DARE-030","dare","30","选一个人，两个人距离保持在双方舒服的位置，对视5秒以后同时笑一下。","3","3","4","signal","choose-opposite-sex","public","action","mutual-current-consent","false","proximity","暧昧推进","现场化学反应","低","知道了这两个人敢不敢对视5秒再一起笑，是一次临时反应","弱","中","高","eye-contact-stare","保留","SOCIAL_BUFFER_POOL"
"PN-DARE-031","dare","31","选一个人，面对面对视10秒；谁先笑不用受罚。","4","4","4","flirt","choose-opposite-sex","public","action","mutual-current-consent","false","proximity","暧昧推进","现场化学反应","低","知道了这两个人敢不敢对视10秒，是一次临时张力","弱","高","高","eye-contact-stare","保留","SOCIAL_BUFFER_POOL"
"PN-DARE-032","dare","32","选一个人坐到你旁边，两个人肩膀之间保持自己觉得舒服的距离，一起玩两轮。","4","4","4","flirt","choose-opposite-sex","public","action","mutual-current-consent","false","proximity","暧昧推进","择偶偏好/吸引力","中","知道了这个人愿意坐到谁旁边、觉得多近的肩膀距离舒服","弱","中","高","sit-next-to","保留","KEEP_CANDIDATE"
"PN-DARE-033","dare","33","选一个人，你们面对面站好，各自向前走一步；任何人觉得够近都可以说“这里就好”。","4","4","4","flirt","choose-opposite-sex","public","action","mutual-current-consent","false","proximity","暧昧推进","亲密/性观念","中","知道了这个人觉得跟对方走到多近喊停，舒适距离大致能复述","弱","中","高","comfortable-distance-step","保留","KEEP_CANDIDATE"
"PN-DARE-034","dare","34","选一个人，在距离比较近的位置，用正常音量只对 TA 说一句今晚的悄悄话。","4","4","4","flirt","choose-opposite-sex","public","action","mutual-current-consent","false","proximity","暧昧推进","现场化学反应","低","知道了这个人愿意凑近跟对方说什么悄悄话，内容只管今晚","弱","高","高","whisper-close-talk","保留","SOCIAL_BUFFER_POOL"
"PN-DARE-035","dare","35","两个人各伸出一只手，手掌保持几厘米距离、不碰到，坚持5秒，看谁先笑。","4","4","4","flirt","choose-opposite-sex","public","action","mutual-current-consent","false","proximity","暧昧推进","亲密/性观念","低","知道了这两个人手掌靠近不碰能坚持5秒、谁先笑，是一次临时反应","弱","高","高","touch-escalation","保留","SOCIAL_BUFFER_POOL"
"PN-DARE-036","dare","36","选一个人，保持眼神，说一句只针对 TA 的真诚夸奖。","4","4","4","flirt","choose-opposite-sex","public","action","mutual-current-consent","false","proximity","暧昧推进","现场化学反应","低","知道了这个人当面夸了对方哪一点，是一次针对TA的临时评价","弱","中","高","compliment-line","保留","SOCIAL_BUFFER_POOL"
"PN-DARE-037","dare","37","选一个人，两个人摆一个“别人一看就会以为你们很熟”的双人姿势，但不要求身体接触。","4","4","4","flirt","choose-opposite-sex","public","action","mutual-current-consent","false","proximity","暧昧推进","现场化学反应","低","知道了这两个人敢摆什么很熟的双人姿势，是一次临时配合","弱","高","高","duo-pose-photo","保留","SOCIAL_BUFFER_POOL"
"PN-DARE-038","dare","38","选一个人，在双方都同意后轻轻碰一下手背，然后马上分开。","4","4","4","flirt","choose-opposite-sex","public","action","mutual-current-consent","false","proximity,physical-contact","暧昧推进","亲密/性观念","中","知道了这个人愿不愿意跟对方碰一下手背，接受哪种轻接触","弱","高","高","touch-escalation","保留","KEEP_CANDIDATE"
"PN-DARE-039","dare","39","选一个人，两个人靠近到可以不用提高音量就听清彼此，说一句“今晚第一次注意到你的时候，我觉得……”","4","4","4","flirt","choose-opposite-sex","public","action","mutual-current-consent","false","proximity","暧昧推进","择偶偏好/吸引力","中","知道了这个人今晚第一次注意到对方时觉得对方哪点吸引自己","弱","高","高","whisper-close-talk","保留","KEEP_CANDIDATE"
"PN-DARE-040","dare","40","选一个人，双方都愿意的话轻轻击掌，然后保持眼神3秒。","4","4","4","flirt","choose-opposite-sex","public","action","mutual-current-consent","false","proximity,physical-contact","暧昧推进","亲密/性观念","低","知道了这两个人愿不愿意击掌再对视3秒，是一次临时配合","弱","高","高","touch-escalation","保留","SOCIAL_BUFFER_POOL"
"PN-DARE-041","dare","41","MATCH题：面对面站好，对视10秒；不用说任何话。","5","4","4","continue","match-pair","public","action","mutual-current-consent","true","proximity","暧昧推进","现场化学反应","低","知道了这对MATCH敢不敢无声对视10秒，是一次临时张力","弱","中","高","eye-contact-stare","保留","SOCIAL_BUFFER_POOL"
"PN-DARE-042","dare","42","MATCH题：双方都愿意的话，牵手8秒；时间到后自然松开。","5","4","4","continue","match-pair","public","action","mutual-current-consent","true","proximity,physical-contact","暧昧推进","亲密/性观念","中","知道了这对MATCH愿不愿意牵手8秒，接受这种接触","弱","高","高","touch-escalation","保留","KEEP_CANDIDATE"
"PN-DARE-043","dare","43","MATCH题：双方都愿意的话，给对方一个3秒拥抱。","5","4","4","continue","match-pair","public","action","mutual-current-consent","true","proximity,physical-contact","暧昧推进","亲密/性观念","中","知道了这对MATCH愿不愿意拥抱3秒，接受这种接触","弱","高","高","touch-escalation","保留","KEEP_CANDIDATE"
"PN-DARE-044","dare","44","MATCH题：两个人面对面，从正常距离开始各向前一步；任何一方都可以随时喊停，在最后舒服的位置停5秒。","5","4","4","continue","match-pair","public","action","mutual-current-consent","true","proximity","暧昧推进","亲密/性观念","中","知道了这对MATCH觉得最后停在多近最舒服，舒适距离大致能复述","弱","中","高","comfortable-distance-step","保留","KEEP_CANDIDATE"
"PN-DARE-045","dare","45","MATCH题：双方都愿意的话，肩并肩坐一轮，再回自己的位置。","5","4","4","continue","match-pair","public","action","mutual-current-consent","true","proximity","暧昧推进","亲密/性观念","低","知道了这对MATCH愿不愿意肩并肩坐一轮，是一次临时靠近","弱","中","高","sit-next-to","保留","SOCIAL_BUFFER_POOL"
"PN-DARE-046","dare","46","MATCH题：靠近到只有对方能清楚听到的距离，各说一句只有 TA 听见的话。","5","4","4","continue","match-pair","public","action","mutual-current-consent","true","proximity","暧昧推进","现场化学反应","低","知道了这对MATCH凑近说了句只有对方听见的话，内容只管今晚","弱","中","高","whisper-close-talk","保留","SOCIAL_BUFFER_POOL"
"PN-DARE-047","dare","47","MATCH题：双方同意后，各自轻轻整理一下对方衣领或袖口一次，然后交换。","5","4","4","continue","match-pair","public","action","mutual-current-consent","true","proximity,physical-contact","暧昧推进","亲密/性观念","中","知道了这对MATCH愿不愿意互相整理衣领或袖口，接受这种轻接触","弱","中","高","touch-escalation","保留","KEEP_CANDIDATE"
"PN-DARE-048","dare","48","MATCH题：两个人选择一个“不需要解释”的双人姿势保持5秒；是否拍照、是否保存，由两个人共同决定。","5","4","4","continue","match-pair","public","action","mutual-current-consent","true","proximity,photo-optional","暧昧推进","现场化学反应","低","知道了这对MATCH敢摆什么不用解释的双人姿势，是一次临时配合","弱","高","高","duo-pose-photo","保留","SOCIAL_BUFFER_POOL"
"PN-DARE-049","dare","49","MATCH题：双方都愿意的话，让手背或指尖轻轻碰住5秒，中途任何一方都可以结束。","5","4","4","continue","match-pair","public","action","mutual-current-consent","true","proximity,physical-contact","暧昧推进","亲密/性观念","中","知道了这对MATCH愿不愿意指尖轻碰5秒，接受这种接触","弱","中","高","touch-escalation","保留","KEEP_CANDIDATE"
"PN-DARE-050","dare","50","MATCH终局：两个人分别秘密勾选所有自己愿意接受的选项：对视10秒 / 牵手8秒 / 拥抱3秒 / 只聊天不接触。","5","4","4","continue","match-pair","private-mutual-result","action","private-mutual-only","true","physical-contact,proximity","暧昧推进","亲密/性观念","高","知道了这两个人各自愿意接受对视还是牵手还是拥抱还是只聊天，边界明确能复述","是","中","高","-","保留","PRIORITY_KEEP"
"PN-EITHER-001","either_or","1","刚认识一群人时：主动先开口 VS 先观察一会儿再加入。","1","1","2","notice","all-players","public","preference","skip-anytime","false","","自我披露","性格/习惯/小癖好","中","知道了这个人刚认识一群人时会主动先开口还是先观察再加入","弱","中","中","either-social-style","保留","KEEP_CANDIDATE"
"PN-EITHER-002","either_or","2","聚会里更舒服的是：大家一起聊 VS 两三个人小范围聊。","1","1","2","notice","all-players","public","preference","skip-anytime","false","","自我披露","生活方式","中","知道了这个人聚会里更适应大群聊还是两三人小范围聊","弱","中","中","either-social-style","保留","KEEP_CANDIDATE"
"PN-EITHER-003","either_or","3","出去玩更喜欢：提前计划好 VS 到时候看心情。","1","1","2","notice","all-players","public","preference","skip-anytime","false","","自我披露","生活方式","高","知道了这个人出去玩是提前计划型还是看心情随性型","是","中","中","either-social-style","保留","PRIORITY_KEEP"
"PN-EITHER-004","either_or","4","和刚认识的人沟通更喜欢：文字慢慢聊 VS 当面直接聊。","1","1","2","notice","all-players","public","preference","skip-anytime","false","","自我披露","性格/习惯/小癖好","中","知道了这个人和刚认识的人沟通更喜欢文字慢慢聊还是当面直接聊","弱","中","中","either-social-style","保留","KEEP_CANDIDATE"
"PN-EITHER-005","either_or","5","在一桌人里更喜欢坐：热闹中心 VS 相对安静的位置。","1","1","2","notice","all-players","public","preference","skip-anytime","false","","自我披露","性格/习惯/小癖好","中","知道了这个人在一桌人里更喜欢坐热闹中心还是安静位置","弱","中","低","either-social-style","改写候选","KEEP_CANDIDATE"
"PN-EITHER-006","either_or","6","更像你的方式：把别人逗笑 VS 被别人逗笑。","1","1","2","notice","all-players","public","preference","skip-anytime","false","","自我披露","性格/习惯/小癖好","中","知道了这个人更习惯把别人逗笑还是被别人逗笑","弱","中","低","either-social-style","改写候选","KEEP_CANDIDATE"
"PN-EITHER-007","either_or","7","第一次见人更容易记住：名字 VS 一个小细节。","1","1","2","notice","all-players","public","preference","skip-anytime","false","","自我披露","性格/习惯/小癖好","中","知道了这个人第一次见人更容易记住名字还是记住一个小细节","弱","中","低","either-social-style","改写候选","KEEP_CANDIDATE"
"PN-EITHER-008","either_or","8","和新认识的人打开话题更喜欢：先聊共同兴趣 VS 先听对方讲自己的事。","1","1","2","notice","all-players","public","preference","skip-anytime","false","","自我披露","性格/习惯/小癖好","中","知道了这个人和新认识的人打开话题是先聊共同兴趣还是先听对方讲自己的事","弱","中","中","either-social-style","保留","KEEP_CANDIDATE"
"PN-EITHER-009","either_or","9","更容易让你想继续认识的是：主动的人 VS 慢热的人。","2","2","3","know","all-players","public","preference","skip-anytime","false","","自我披露","择偶偏好/吸引力","中","知道了这个人更容易想继续认识主动的人还是慢热的人","弱","中","中","either-attraction-cue","保留","KEEP_CANDIDATE"
"PN-EITHER-010","either_or","10","聊天时更打动你的是：很会接话 VS 很会倾听。","2","2","3","know","all-players","public","preference","skip-anytime","false","","自我披露","择偶偏好/吸引力","中","知道了这个人聊天时更被很会接话还是很会倾听打动","弱","中","中","either-attraction-cue","保留","KEEP_CANDIDATE"
"PN-EITHER-011","either_or","11","更容易让你加分的是：幽默感 VS 温柔感。","2","2","3","know","all-players","public","preference","skip-anytime","false","","自我披露","择偶偏好/吸引力","中","知道了这个人更容易给幽默感加分还是给温柔感加分","弱","中","中","either-attraction-cue","保留","KEEP_CANDIDATE"
"PN-EITHER-012","either_or","12","第一次见面更容易影响你的：穿搭和气质 VS 聊天后的感觉。","2","2","3","know","all-players","public","preference","skip-anytime","false","","自我披露","择偶偏好/吸引力","中","知道了这个人第一次见面更容易被穿搭气质还是聊天后的感觉影响","弱","中","中","either-attraction-cue","保留","KEEP_CANDIDATE"
"PN-EITHER-013","either_or","13","和一个人变熟更喜欢：一起尝试新东西 VS 一起做熟悉舒服的事。","2","2","3","know","all-players","public","preference","skip-anytime","false","","自我披露","生活方式","中","知道了这个人和人变熟更喜欢一起尝试新东西还是一起做熟悉舒服的事","弱","中","中","either-attraction-cue","保留","KEEP_CANDIDATE"
"PN-EITHER-014","either_or","14","消息习惯更喜欢：看到就回 VS 有空时认真回。","2","2","3","know","all-players","public","preference","skip-anytime","false","","自我披露","生活方式","高","知道了这个人的消息习惯是看到就回还是有空时认真回","是","中","中","either-attraction-cue","保留","PRIORITY_KEEP"
"PN-EITHER-015","either_or","15","更吃哪一套：直接夸你 VS 记住你的细节。","2","2","3","know","all-players","public","preference","skip-anytime","false","","自我披露","择偶偏好/吸引力","中","知道了这个人更吃直接夸还是更吃被记住细节这一套","弱","中","中","either-attraction-cue","保留","KEEP_CANDIDATE"
"PN-EITHER-016","either_or","16","约出去更喜欢：提前安排 VS 临时起意。","2","2","3","know","all-players","public","preference","skip-anytime","false","","自我披露","生活方式","高","知道了这个人约出去玩是喜欢提前安排还是喜欢临时起意","是","中","中","either-attraction-cue","保留","PRIORITY_KEEP"
"PN-EITHER-017","either_or","17","一段关系里更看重：安全感 VS 新鲜感。","2","2","3","know","all-players","public","preference","skip-anytime","false","","自我披露","恋爱观","高","知道了这个人在一段关系里更看重安全感还是新鲜感","是","高","高","either-attraction-cue","保留","PRIORITY_KEEP"
"PN-EITHER-018","either_or","18","更容易觉得合拍的是：一直有话聊 VS 安静待着也不尴尬。","2","2","3","know","all-players","public","preference","skip-anytime","false","","自我披露","恋爱观","高","知道了这个人觉得合拍是一直有话聊还是安静待着也不尴尬","是","中","高","either-attraction-cue","保留","PRIORITY_KEEP"
"PN-EITHER-019","either_or","19","产生好感更像你的是：第一眼就有感觉 VS 越聊越有感觉。","3","3","4","signal","all-players","public","preference","skip-anytime","false","","自我披露","恋爱观","高","知道了这个人产生好感是第一眼就有感觉还是越聊越有感觉","是","高","高","either-romance-stance","保留","PRIORITY_KEEP"
"PN-EITHER-020","either_or","20","对一个人有好感时更像你的是：主动给信号 VS 等对方先给信号。","3","3","4","signal","all-players","public","preference","skip-anytime","false","","自我披露","恋爱观","中","知道了这个人有好感时会主动给信号还是等对方先给信号","弱","中","中","either-romance-stance","保留","KEEP_CANDIDATE"
"PN-EITHER-021","either_or","21","更容易让你心动的是：很会聊天 VS 很有行动。","3","3","4","signal","all-players","public","preference","skip-anytime","false","","自我披露","择偶偏好/吸引力","中","知道了这个人更容易为很会聊天心动还是为很有行动心动","弱","中","中","either-romance-stance","保留","KEEP_CANDIDATE"
"PN-EITHER-022","either_or","22","你更看重：心动感 VS 合拍感。","3","3","4","signal","all-players","public","preference","skip-anytime","false","","自我披露","恋爱观","高","知道了这个人更看重心动感还是合拍感","是","高","高","either-romance-stance","保留","PRIORITY_KEEP"
"PN-EITHER-023","either_or","23","更喜欢的组合是：性格相似 VS 性格互补。","3","3","4","signal","all-players","public","preference","skip-anytime","false","","自我披露","择偶偏好/吸引力","高","知道了这个人更喜欢性格相似还是性格互补的组合","是","高","高","either-romance-stance","保留","PRIORITY_KEEP"
"PN-EITHER-024","either_or","24","如果想继续认识一个人：希望对方先约 VS 自己也愿意主动约。","3","3","4","signal","all-players","public","preference","skip-anytime","false","","自我披露","恋爱观","中","知道了这个人想继续认识一个人时会等对方先约还是自己也愿意主动约","弱","中","中","either-romance-stance","保留","KEEP_CANDIDATE"
"PN-EITHER-025","either_or","25","更喜欢的联系方式：经常分享日常 VS 偶尔一次很深的聊天。","3","3","4","signal","all-players","public","preference","skip-anytime","false","","自我披露","恋爱观","高","知道了这个人更喜欢经常分享日常还是偶尔一次很深的聊天","是","中","高","either-romance-stance","保留","PRIORITY_KEEP"
"PN-EITHER-026","either_or","26","更容易让你记很久的是：记住你的小细节 VS 给你一个意外惊喜。","3","3","4","signal","all-players","public","preference","skip-anytime","false","","自我披露","择偶偏好/吸引力","中","知道了这个人更容易被记住小细节打动还是被意外惊喜打动","弱","中","中","either-romance-stance","保留","KEEP_CANDIDATE"
"PN-EITHER-027","either_or","27","感觉不确定时更像你的是：直接问清楚 VS 再观察一阵。","3","3","4","signal","all-players","public","preference","skip-anytime","false","","自我披露","恋爱观","高","知道了这个人感觉不确定时会直接问清楚还是再观察一阵","是","中","高","either-romance-stance","保留","PRIORITY_KEEP"
"PN-EITHER-028","either_or","28","和有好感的人相处更舒服的是：大家面前也自然互动 VS 私下两个人聊更自在。","3","3","4","signal","all-players","public","preference","skip-anytime","false","","自我披露","亲密/性观念","中","知道了这个人和有好感的人相处更喜欢大家面前自然互动还是私下两个人聊","弱","中","中","either-romance-stance","保留","KEEP_CANDIDATE"
"PN-EITHER-029","either_or","29","表达在意更像你的是：直接说出来 VS 用行动让对方知道。","3","3","4","signal","all-players","public","preference","skip-anytime","false","","自我披露","恋爱观","高","知道了这个人表达在意是直接说出来还是用行动让对方知道","是","中","高","either-romance-stance","保留","PRIORITY_KEEP"
"PN-EITHER-030","either_or","30","关系发展更喜欢：早点确认方向 VS 慢慢熟了再决定。","3","3","4","signal","all-players","public","preference","skip-anytime","false","","自我披露","恋爱观","高","知道了这个人关系发展更喜欢早点确认方向还是慢慢熟了再决定","是","中","高","either-romance-stance","保留","PRIORITY_KEEP"
"PN-EITHER-031","either_or","31","如果今晚对一个人有点好感，你更想：接下来坐 TA 旁边 VS 留到结束后再单独聊。","4","4","4","flirt","all-players","public","preference","skip-anytime","false","relationship-sensitive","暧昧推进","现场化学反应","低","知道了这个人今晚对人有好感时想接下来坐过去还是留到结束再单独聊","弱","高","高","either-flirt-choice","保留","SOCIAL_BUFFER_POOL"
"PN-EITHER-032","either_or","32","一个人对你有兴趣时，你更容易注意到：眼神变多 VS 主动找话题变多。","4","4","4","flirt","all-players","public","preference","skip-anytime","false","relationship-sensitive","暧昧推进","择偶偏好/吸引力","中","知道了这个人更容易注意到对方眼神变多还是主动找话题变多","弱","中","中","either-flirt-choice","保留","KEEP_CANDIDATE"
"PN-EITHER-033","either_or","33","更能制造暧昧感的是：认真对视10秒 VS 单独聊5分钟。","4","4","4","flirt","all-players","public","preference","skip-anytime","false","relationship-sensitive","暧昧推进","亲密/性观念","中","知道了这个人觉得认真对视10秒还是单独聊5分钟更能制造暧昧感","弱","中","中","either-flirt-choice","保留","KEEP_CANDIDATE"
"PN-EITHER-034","either_or","34","更希望喜欢的人怎么推进：主动问你的联系方式 VS 主动约下一次见面。","4","4","4","flirt","all-players","public","preference","skip-anytime","false","relationship-sensitive","暧昧推进","恋爱观","中","知道了这个人更希望喜欢的人主动问联系方式还是主动约下一次见面","弱","中","高","either-flirt-choice","保留","KEEP_CANDIDATE"
"PN-EITHER-035","either_or","35","来自有好感的人，你更想先听到：夸你的外形气质 VS 夸你的性格和细节。","4","4","4","flirt","all-players","public","preference","skip-anytime","false","relationship-sensitive","暧昧推进","择偶偏好/吸引力","中","知道了这个人更想先听到有好感的人夸外形气质还是夸性格和细节","弱","中","中","either-flirt-choice","保留","KEEP_CANDIDATE"
"PN-EITHER-036","either_or","36","更让你觉得“TA真的想继续认识我”的一句话是：“再聊会儿” VS “下次见”。","4","4","4","flirt","all-players","public","preference","skip-anytime","false","relationship-sensitive","暧昧推进","现场化学反应","低","知道了这个人听到再聊会儿还是下次见更觉得对方想继续认识自己","弱","中","中","either-flirt-choice","改写候选","REWRITE_CANDIDATE"
"PN-EITHER-037","either_or","37","如果彼此都有点感觉，你更愿意：今晚一起去下一摊 VS 改天单独喝咖啡。","4","4","4","flirt","all-players","public","preference","skip-anytime","false","relationship-sensitive","暧昧推进","现场化学反应","低","知道了这个人彼此有感觉时更愿意今晚一起去下一摊还是改天单独喝咖啡","弱","高","高","either-flirt-choice","保留","SOCIAL_BUFFER_POOL"
"PN-EITHER-038","either_or","38","暧昧阶段你更喜欢：先不说破慢慢感受 VS 早点确认彼此有没有感觉。","4","4","4","flirt","all-players","public","preference","skip-anytime","false","relationship-sensitive","暧昧推进","亲密/性观念","高","知道了这个人暧昧阶段更喜欢先不说破慢慢感受还是早点确认彼此有没有感觉","是","高","高","either-flirt-choice","保留","PRIORITY_KEEP"
"PN-EITHER-039","either_or","39","更让你心里一动的是：在大家面前被 TA 选中 VS 私下知道 TA 选了你。","4","4","4","flirt","all-players","public","preference","skip-anytime","false","relationship-sensitive","暧昧推进","亲密/性观念","中","知道了这个人更被大家面前被选中打动还是被私下知道被选中打动","弱","高","高","either-flirt-choice","保留","KEEP_CANDIDATE"
"PN-EITHER-040","either_or","40","如果今晚只能留下一个明确进展，你更想要：知道 TA 对你有好感 VS 确定下一次还能见。","4","4","4","flirt","all-players","public","preference","skip-anytime","false","relationship-sensitive","暧昧推进","现场化学反应","低","知道了这个人今晚更想要确认对方有好感还是确定下一次还能见","弱","高","高","either-flirt-choice","保留","SOCIAL_BUFFER_POOL"
"PN-EITHER-041","either_or","41","私密选择：如果今晚真的遇到一个感兴趣的人，你更想：现在再多聊一会儿 VS 散场后继续联系。","4","4","4","flirt","all-players","private-individual","preference","skip-anytime","false","relationship-sensitive","暧昧推进","现场化学反应","低","知道了这个人今晚遇到感兴趣的人更想现在多聊一会儿还是散场后继续联系","弱","高","高","either-flirt-choice","保留","SOCIAL_BUFFER_POOL"
"PN-EITHER-042","either_or","42","私密选择：你现在更想确认的是：TA有没有也注意你 VS TA愿不愿意再见你。","4","4","4","flirt","all-players","private-individual","preference","skip-anytime","false","relationship-sensitive","暧昧推进","现场化学反应","低","知道了这个人现在更想确认对方有没有注意自己还是愿不愿意再见自己","弱","中","高","either-flirt-choice","保留","SOCIAL_BUFFER_POOL"
"PN-EITHER-043","either_or","43","MATCH题：如果双方都有感觉，你更想：今晚保持轻松自然 VS 直接约好下一次。","5","4","4","continue","match-pair","public","preference","skip-anytime","true","relationship-sensitive","暧昧推进","现场化学反应","低","知道了这对match的人更想今晚保持轻松自然还是直接约好下一次","弱","高","高","either-match-commit","保留","SOCIAL_BUFFER_POOL"
"PN-EITHER-044","either_or","44","MATCH题：现在给你们一个选择，你更想：单独聊10分钟 VS 把下一次见面定下来。","5","4","4","continue","match-pair","public","preference","skip-anytime","true","relationship-sensitive","暧昧推进","现场化学反应","低","知道了这对match的人更想单独聊10分钟还是把下一次见面定下来","弱","高","高","either-match-commit","保留","SOCIAL_BUFFER_POOL"
"PN-EITHER-045","either_or","45","MATCH题：更能让你确认对方在意的是：TA再次主动选你 VS TA主动来找你继续聊天。","5","4","4","continue","match-pair","public","preference","skip-anytime","true","relationship-sensitive","暧昧推进","择偶偏好/吸引力","中","知道了这个人更把再次被选中还是被主动找聊天当作对方在意的信号","弱","高","高","either-match-commit","保留","KEEP_CANDIDATE"
"PN-EITHER-046","either_or","46","MATCH题：如果下次单独见面，你更想：喝咖啡或喝一杯 VS 吃饭或散步。","5","4","4","continue","match-pair","public","preference","skip-anytime","true","relationship-sensitive","暧昧推进","生活方式","中","知道了这个人下次单独见面更想喝咖啡喝一杯还是吃饭散步","弱","中","高","either-match-commit","保留","KEEP_CANDIDATE"
"PN-EITHER-047","either_or","47","MATCH题：关系推进更适合你的是：多见几次慢慢认识 VS 明确说“我想继续了解你”。","5","4","4","continue","match-pair","public","preference","skip-anytime","true","relationship-sensitive","暧昧推进","恋爱观","高","知道了这个人关系推进更适合多见几次慢慢认识还是明确说想继续了解","是","高","高","either-match-commit","保留","PRIORITY_KEEP"
"PN-EITHER-048","either_or","48","MATCH题：如果对方问“还想见吗”，你更像：直接说想 VS 直接提出一个时间和地点。","5","4","4","continue","match-pair","public","preference","skip-anytime","true","relationship-sensitive","暧昧推进","恋爱观","中","知道了这个人被问还想见吗时会直接说想还是直接提出时间和地点","弱","中","高","either-match-commit","保留","KEEP_CANDIDATE"
"PN-EITHER-049","either_or","49","MATCH题：更让你觉得靠谱的继续信号是：主动发消息 VS 主动提出见面。","5","4","4","continue","match-pair","public","preference","skip-anytime","true","relationship-sensitive","暧昧推进","恋爱观","中","知道了这个人觉得主动发消息还是主动提出见面是更靠谱的继续信号","弱","中","高","either-match-commit","保留","KEEP_CANDIDATE"
"PN-EITHER-050","either_or","50","MATCH终局：今晚之后，你愿意哪些下一步？可多选：今晚继续多聊一会儿 / 改天单独再见 / 先保持轻松自然。","5","4","4","continue","match-pair","private-mutual-result","preference","private-mutual-only","true","relationship-sensitive","暧昧推进","现场化学反应","低","知道了这对match的人今晚之后愿意继续多聊还是改天单独再见还是保持轻松自然","弱","高","高","either-match-commit","保留","SOCIAL_BUFFER_POOL"
"PN-MOST-001","most_likely","1","今晚谁最容易让第一次见面的人觉得“很好聊”？","1","1","2","notice","all-players","aggregate-only","vote","skip-anytime","false","","现场评价/猜测","现场化学反应","低","知道了大家投票认为今晚谁最容易让初见的人觉得好聊","弱","高","高","easy-to-talk-to","保留","SOCIAL_BUFFER_POOL"
"PN-MOST-002","most_likely","2","谁最可能主动发现有人还没融入，然后把 TA 拉进话题？","1","1","2","notice","all-players","aggregate-only","vote","skip-anytime","false","","现场评价/猜测","现场化学反应","低","知道了大家投票认为谁最会主动把没融入的人拉进话题","弱","高","高","social-connector","保留","SOCIAL_BUFFER_POOL"
"PN-MOST-003","most_likely","3","谁最可能在第一次见面时最快记住别人的名字？","1","1","2","notice","all-players","aggregate-only","vote","skip-anytime","false","","现场评价/猜测","现场化学反应","低","知道了大家投票认为谁最快记住别人的名字","弱","中","中","-","改写候选","REWRITE_CANDIDATE"
"PN-MOST-004","most_likely","4","谁最容易让刚认识的人放松下来？","1","1","2","notice","all-players","aggregate-only","vote","skip-anytime","false","","现场评价/猜测","现场化学反应","低","知道了大家投票认为谁最容易让刚认识的人放松下来","弱","高","高","easy-to-talk-to","保留","SOCIAL_BUFFER_POOL"
"PN-MOST-005","most_likely","5","谁最可能跟第一次见面的人聊十分钟都不冷场？","1","1","2","notice","all-players","aggregate-only","vote","skip-anytime","false","","现场评价/猜测","现场化学反应","低","知道了大家投票认为谁跟初见的人聊十分钟都不会冷场","弱","高","高","easy-to-talk-to","保留","SOCIAL_BUFFER_POOL"
"PN-MOST-006","most_likely","6","谁今晚给人的第一印象和真实聊天后的感觉反差最大？","1","1","2","notice","all-players","aggregate-only","vote","skip-anytime","false","","现场评价/猜测","现场化学反应","低","知道了大家投票认为谁的第一印象和聊开后反差最大","弱","中","中","-","改写候选","REWRITE_CANDIDATE"
"PN-MOST-007","most_likely","7","谁最容易成为一桌陌生人之间的连接点？","1","1","2","notice","all-players","aggregate-only","vote","skip-anytime","false","","现场评价/猜测","现场化学反应","低","知道了大家投票认为谁最容易成为一桌陌生人之间的连接点","弱","高","高","social-connector","保留","SOCIAL_BUFFER_POOL"
"PN-MOST-008","most_likely","8","谁是今晚“刚认识不久，却感觉已经挺熟”的那个人？","1","1","2","notice","all-players","aggregate-only","vote","skip-anytime","false","","现场评价/猜测","现场化学反应","低","知道了大家投票认为今晚谁刚认识不久却感觉已经挺熟","弱","高","高","easy-to-talk-to","保留","SOCIAL_BUFFER_POOL"
"PN-MOST-009","most_likely","9","在场谁最容易让异性第一眼就注意到？","2","2","3","know","all-players","aggregate-only","vote","skip-anytime","false","","现场评价/猜测","现场化学反应","低","知道了大家投票认为在场谁最容易让异性第一眼就注意到","弱","高","高","noticed-by-opposite-sex","保留","SOCIAL_BUFFER_POOL"
"PN-MOST-010","most_likely","10","谁属于“第一眼不一定最显眼，但越聊越有意思”的类型？","2","2","3","know","all-players","aggregate-only","vote","skip-anytime","false","","现场评价/猜测","现场化学反应","低","知道了大家投票认为谁属于第一眼不显眼但越聊越有意思的类型","弱","高","高","slow-burn-charm","保留","SOCIAL_BUFFER_POOL"
"PN-MOST-011","most_likely","11","谁最可能收到刚认识异性的主动搭话？","2","2","3","know","all-players","aggregate-only","vote","skip-anytime","false","","现场评价/猜测","现场化学反应","低","知道了大家投票认为谁最可能收到刚认识异性的主动搭话","弱","高","高","noticed-by-opposite-sex","保留","SOCIAL_BUFFER_POOL"
"PN-MOST-012","most_likely","12","谁最容易因为聊天方式让异性产生好感？","2","2","3","know","all-players","aggregate-only","vote","skip-anytime","false","","现场评价/猜测","现场化学反应","低","知道了大家投票认为谁最容易靠聊天方式让异性产生好感","弱","高","高","chat-comfort-charm","保留","SOCIAL_BUFFER_POOL"
"PN-MOST-013","most_likely","13","谁最容易因为笑起来的样子让别人记住？","2","2","3","know","all-players","aggregate-only","vote","skip-anytime","false","","现场评价/猜测","现场化学反应","低","知道了大家投票认为谁最容易靠笑起来的样子被记住","弱","高","高","-","保留","SOCIAL_BUFFER_POOL"
"PN-MOST-014","most_likely","14","谁属于“看起来慢热，但熟一点以后特别有吸引力”的类型？","2","2","3","know","all-players","aggregate-only","vote","skip-anytime","false","","现场评价/猜测","现场化学反应","低","知道了大家投票认为谁属于看起来慢热但熟了以后特别有吸引力的类型","弱","高","高","slow-burn-charm","保留","SOCIAL_BUFFER_POOL"
"PN-MOST-015","most_likely","15","谁最容易让别人产生“我想再多了解一点”的感觉？","2","2","3","know","all-players","aggregate-only","vote","skip-anytime","false","","现场评价/猜测","现场化学反应","低","知道了大家投票认为谁最容易让别人产生想再多了解一点的感觉","弱","高","高","want-to-know-more","保留","SOCIAL_BUFFER_POOL"
"PN-MOST-016","most_likely","16","谁最可能第一次见面就被别人记住很久？","2","2","3","know","all-players","aggregate-only","vote","skip-anytime","false","","现场评价/猜测","现场化学反应","低","知道了大家投票认为谁最可能第一次见面就被记住很久","弱","高","高","want-to-know-more","保留","SOCIAL_BUFFER_POOL"
"PN-MOST-017","most_likely","17","谁最容易给人一种“和 TA 单独聊天应该挺舒服”的感觉？","2","2","3","know","all-players","aggregate-only","vote","skip-anytime","false","","现场评价/猜测","现场化学反应","低","知道了大家投票认为谁给人一种和TA单独聊天会挺舒服的感觉","弱","高","高","chat-comfort-charm","保留","SOCIAL_BUFFER_POOL"
"PN-MOST-018","most_likely","18","谁最可能本人没意识到，但其实今晚已经被异性注意过好几次？","2","2","3","know","all-players","aggregate-only","vote","skip-anytime","false","","现场评价/猜测","现场化学反应","低","知道了大家投票认为谁本人没意识到但今晚已被异性注意过好几次","弱","高","高","noticed-by-opposite-sex","保留","SOCIAL_BUFFER_POOL"
"PN-MOST-019","most_likely","19","谁今晚最可能已经对某位异性产生了“还想继续聊”的感觉？","3","3","4","signal","all-players","aggregate-only","vote","skip-anytime","false","","现场评价/猜测","现场化学反应","低","知道了大家投票认为今晚谁最可能已对某位异性产生想继续聊的感觉","弱","高","高","keeps-thinking-of-someone","保留","SOCIAL_BUFFER_POOL"
"PN-MOST-020","most_likely","20","谁如果主动邀请一位异性单独聊几分钟，最可能得到回应？","3","3","4","signal","all-players","aggregate-only","vote","skip-anytime","false","","现场评价/猜测","现场化学反应","低","知道了大家投票认为谁主动邀异性单独聊几分钟最可能得到回应","弱","高","高","takes-initiative-to-talk","保留","SOCIAL_BUFFER_POOL"
"PN-MOST-021","most_likely","21","谁今晚最容易让一个原本没特别注意 TA 的异性慢慢改观？","3","3","4","signal","all-players","aggregate-only","vote","skip-anytime","false","","现场评价/猜测","现场化学反应","低","知道了大家投票认为谁最容易让原本没注意TA的异性慢慢改观","弱","高","高","impression-glow-up","保留","SOCIAL_BUFFER_POOL"
"PN-MOST-022","most_likely","22","谁最可能在喜欢一个人时，嘴上不说但行为会很明显？","3","3","4","signal","all-players","aggregate-only","vote","skip-anytime","false","","现场评价/猜测","现场化学反应","低","知道了大家投票认为谁喜欢一个人时嘴上不说但行为会很明显","弱","高","高","crushing-behavior-tells","保留","SOCIAL_BUFFER_POOL"
"PN-MOST-023","most_likely","23","谁最可能已经偷偷记住了某位异性的很多小细节？","3","3","4","signal","all-players","aggregate-only","vote","skip-anytime","false","","现场评价/猜测","现场化学反应","低","知道了大家投票认为谁最可能已偷偷记住某位异性的很多小细节","弱","高","高","remembers-little-details","保留","SOCIAL_BUFFER_POOL"
"PN-MOST-024","most_likely","24","谁如果今晚突然收到某位异性的消息，最可能马上露出表情？","3","3","4","signal","all-players","aggregate-only","vote","skip-anytime","false","","现场评价/猜测","现场化学反应","低","知道了大家投票认为谁今晚收到某位异性消息时最可能马上露出表情","弱","高","高","visible-reaction","保留","SOCIAL_BUFFER_POOL"
"PN-MOST-025","most_likely","25","谁最可能遇到有感觉的人以后，反而比平常更安静？","3","3","4","signal","all-players","aggregate-only","vote","skip-anytime","false","","现场评价/猜测","现场化学反应","低","知道了大家投票认为谁遇到有感觉的人后反而会比平常更安静","弱","高","高","crushing-behavior-tells","保留","SOCIAL_BUFFER_POOL"
"PN-MOST-026","most_likely","26","谁最可能遇到有感觉的人以后，反而会故意多开几句玩笑？","3","3","4","signal","all-players","aggregate-only","vote","skip-anytime","false","","现场评价/猜测","现场化学反应","低","知道了大家投票认为谁遇到有感觉的人后反而会故意多开玩笑","弱","高","高","crushing-behavior-tells","保留","SOCIAL_BUFFER_POOL"
"PN-MOST-027","most_likely","27","谁今晚最可能已经出现过一次“明明在和大家聊，其实特别注意某一个人”的瞬间？","3","3","4","signal","all-players","aggregate-only","vote","skip-anytime","false","","现场评价/猜测","现场化学反应","低","知道了大家投票认为今晚谁最可能出现过明明和大家聊却特别注意某一个人的瞬间","弱","高","高","fixated-on-someone","保留","SOCIAL_BUFFER_POOL"
"PN-MOST-028","most_likely","28","谁最可能今晚散场以后，还会想起桌上的某位异性？","3","3","4","signal","all-players","aggregate-only","vote","skip-anytime","false","","现场评价/猜测","现场化学反应","低","知道了大家投票认为谁今晚散场后还会想起桌上的某位异性","弱","高","高","keeps-thinking-of-someone","保留","SOCIAL_BUFFER_POOL"
"PN-MOST-029","most_likely","29","谁最可能嘴上说“随便”，其实对自己想坐在谁旁边很有想法？","3","3","4","signal","all-players","aggregate-only","vote","skip-anytime","false","","现场评价/猜测","现场化学反应","低","知道了大家投票认为谁嘴上说随便其实对想坐谁旁边很有想法","弱","高","高","-","保留","SOCIAL_BUFFER_POOL"
"PN-MOST-030","most_likely","30","谁最可能在今晚结束之前主动创造一次和某位异性单独说话的机会？","3","3","4","signal","all-players","aggregate-only","vote","skip-anytime","false","","现场评价/猜测","现场化学反应","低","知道了大家投票认为谁最可能在今晚结束前主动创造和某位异性单独说话的机会","弱","高","高","takes-initiative-to-talk","保留","SOCIAL_BUFFER_POOL"
"PN-MOST-031","most_likely","31","谁最可能在散场前终于鼓起勇气，主动找某位异性再聊两分钟？","3","3","4","signal","all-players","aggregate-only","vote","skip-anytime","false","relationship-sensitive","现场评价/猜测","现场化学反应","低","知道了大家投票认为谁最可能在散场前鼓起勇气主动找某位异性再聊两分钟","弱","高","高","takes-initiative-to-talk","保留","SOCIAL_BUFFER_POOL"
"PN-MOST-032","most_likely","32","谁最可能因为今晚某一段聊天，对某位异性的印象突然加分很多？","3","3","4","signal","all-players","aggregate-only","vote","skip-anytime","false","relationship-sensitive","现场评价/猜测","现场化学反应","低","知道了大家投票认为谁最可能因今晚某段聊天对某位异性印象突然加分很多","弱","高","高","impression-glow-up","保留","SOCIAL_BUFFER_POOL"
"PN-MOST-033","most_likely","33","谁最可能嘴上没说，却已经记住了某位异性的好几个小细节？","3","3","4","signal","all-players","aggregate-only","vote","skip-anytime","false","relationship-sensitive","现场评价/猜测","现场化学反应","低","知道了大家投票认为谁嘴上没说却已记住某位异性的好几个小细节","弱","高","高","remembers-little-details","保留","SOCIAL_BUFFER_POOL"
"PN-MOST-034","most_likely","34","谁最可能下一轮如果被分到某位异性旁边，心里会偷偷有点开心？","3","3","4","signal","all-players","aggregate-only","vote","skip-anytime","false","relationship-sensitive","现场评价/猜测","现场化学反应","低","知道了大家投票认为谁下一轮被分到某位异性旁边会心里偷偷开心","弱","高","高","visible-reaction","保留","SOCIAL_BUFFER_POOL"
"PN-MOST-035","most_likely","35","Pair Vote：哪两个人最像从普通聊天慢慢出现了一点不一样的注意？","4","4","4","flirt","pair-vote","aggregate-only","vote","skip-anytime","false","relationship-sensitive","现场评价/猜测","现场化学反应","低","知道了全桌投票觉得哪两个人最像从普通聊天慢慢出现了一点不一样的注意","弱","高","高","pair-emergent-spark","保留","SOCIAL_BUFFER_POOL"
"PN-MOST-036","most_likely","36","Pair Vote：如果给两个人十分钟相对安静的聊天时间，哪一对最不容易冷场？","4","4","4","flirt","pair-vote","aggregate-only","vote","skip-anytime","false","relationship-sensitive","现场评价/猜测","现场化学反应","低","知道了全桌投票觉得哪一对给十分钟安静聊天时间最不容易冷场","弱","高","高","pair-chat-flow","保留","SOCIAL_BUFFER_POOL"
"PN-MOST-037","most_likely","37","Pair Vote：散场提醒已经来了，哪两个人最像还会说“等一下，我还有一句没讲完”？","4","4","4","flirt","pair-vote","aggregate-only","vote","skip-anytime","false","relationship-sensitive","现场评价/猜测","现场化学反应","低","知道了全桌投票觉得散场提醒来了还最像会说等一下还有一句没讲完的是哪两个人","弱","高","高","pair-audience-wants-more","保留","SOCIAL_BUFFER_POOL"
"PN-MOST-038","most_likely","38","Pair Vote：哪两个人最容易出现“一个刚说完，另一个已经接住了”的聊天节奏？","4","4","4","flirt","pair-vote","aggregate-only","vote","skip-anytime","false","relationship-sensitive","现场评价/猜测","现场化学反应","低","知道了全桌投票觉得哪两个人最容易出现一个刚说完另一个就接住的聊天节奏","弱","高","高","pair-chat-flow","保留","SOCIAL_BUFFER_POOL"
"PN-MOST-039","most_likely","39","Pair Vote：哪两个人今晚最像已经不止一次主动找过或注意过彼此？","4","4","4","flirt","pair-vote","aggregate-only","vote","skip-anytime","false","relationship-sensitive","现场评价/猜测","现场化学反应","低","知道了全桌投票觉得今晚哪两个人最像已不止一次主动找过或注意过彼此","弱","高","高","fixated-on-someone","保留","SOCIAL_BUFFER_POOL"
"PN-MOST-040","most_likely","40","Pair Vote：如果下一轮只允许固定一对搭档，全桌最想继续观察哪两个人？","4","4","4","flirt","pair-vote","aggregate-only","vote","skip-anytime","false","relationship-sensitive","现场评价/猜测","现场化学反应","低","知道了全桌投票最想继续观察固定搭档的是哪两个人","弱","高","高","pair-audience-wants-more","保留","SOCIAL_BUFFER_POOL"
"PN-MOST-041","most_likely","41","Pair Vote：如果今晚结束后还有人会自然互发几条消息，大家最先想到哪一对？","4","4","4","flirt","pair-vote","aggregate-only","vote","skip-anytime","false","relationship-sensitive","现场评价/猜测","现场化学反应","低","知道了全桌投票觉得今晚结束后还会自然互发消息的是哪一对","弱","高","高","pair-texts-after","保留","SOCIAL_BUFFER_POOL"
"PN-MOST-042","most_likely","42","Pair Vote：如果明天临时约一杯咖啡，哪两个人最不会让大家觉得意外？","4","4","4","flirt","pair-vote","aggregate-only","vote","skip-anytime","false","relationship-sensitive","现场评价/猜测","现场化学反应","低","知道了全桌投票觉得明天临时约咖啡最不会让人意外的是哪两个人","弱","高","高","pair-meet-again","保留","SOCIAL_BUFFER_POOL"
"PN-MOST-043","most_likely","43","Pair Vote：如果明天有人先发一张表情包或分享，哪两个人最像会自然把聊天接下去？","4","4","4","flirt","pair-vote","aggregate-only","vote","skip-anytime","false","relationship-sensitive","现场评价/猜测","现场化学反应","低","知道了全桌投票觉得明天有人先发表情包或分享会自然接下去的是哪两个人","弱","高","高","pair-texts-after","保留","SOCIAL_BUFFER_POOL"
"PN-MOST-044","most_likely","44","Pair Vote：如果现场突然安静半分钟，哪两个人最像还能自然继续聊天？","4","4","4","flirt","pair-vote","aggregate-only","vote","skip-anytime","false","relationship-sensitive","现场评价/猜测","现场化学反应","低","知道了全桌投票觉得现场突然安静半分钟还能自然继续聊天的是哪两个人","弱","高","高","pair-chat-flow","保留","SOCIAL_BUFFER_POOL"
"PN-MOST-045","most_likely","45","Pair Vote：如果大家决定换下一家，哪两个人最像会不知不觉走在一起继续聊？","4","4","4","flirt","pair-vote","aggregate-only","vote","skip-anytime","false","relationship-sensitive","现场评价/猜测","现场化学反应","低","知道了全桌投票觉得换下一家时会不知不觉走在一起继续聊的是哪两个人","弱","高","高","pair-meet-again","保留","SOCIAL_BUFFER_POOL"
"PN-MOST-046","most_likely","46","Pair Vote：如果一周后再见，哪两个人最像能直接接着今晚的话题继续？","4","4","4","flirt","pair-vote","aggregate-only","vote","skip-anytime","false","relationship-sensitive","现场评价/猜测","现场化学反应","低","知道了全桌投票觉得一周后再见能直接接着今晚话题继续的是哪两个人","弱","高","高","pair-meet-again","保留","SOCIAL_BUFFER_POOL"
"PN-MOST-047","most_likely","47","Pair Vote：如果下一次只单独见一个小时，哪两个人最像不会觉得尴尬？","4","4","4","flirt","pair-vote","aggregate-only","vote","skip-anytime","false","relationship-sensitive","现场评价/猜测","现场化学反应","低","知道了全桌投票觉得下一次单独见一小时也不会尴尬的是哪两个人","弱","高","高","pair-meet-again","保留","SOCIAL_BUFFER_POOL"
"PN-MOST-048","most_likely","48","Pair Vote：从刚坐下到现在，哪两个人之间的熟悉感变化最明显？","4","4","4","flirt","pair-vote","aggregate-only","vote","skip-anytime","false","relationship-sensitive","现场评价/猜测","现场化学反应","低","知道了全桌投票觉得从坐下到现在熟悉感变化最明显的是哪两个人","弱","高","高","pair-familiarity-now","保留","SOCIAL_BUFFER_POOL"
"PN-MOST-049","most_likely","49","Pair Vote：哪两个人现在的互动最不像“刚认识没多久”？","4","4","4","flirt","pair-vote","aggregate-only","vote","skip-anytime","false","relationship-sensitive","现场评价/猜测","现场化学反应","低","知道了全桌投票觉得现在互动最不像刚认识没多久的是哪两个人","弱","高","高","pair-familiarity-now","保留","SOCIAL_BUFFER_POOL"
"PN-MOST-050","most_likely","50","终局 Pair Vote：今晚哪一对最让大家觉得“如果他们还想继续认识彼此，好像挺自然”？","4","4","4","flirt","pair-vote","aggregate-only","vote","skip-anytime","false","relationship-sensitive","现场评价/猜测","现场化学反应","低","知道了全桌投票觉得如果还想继续认识彼此最自然的是哪一对","弱","高","高","pair-emergent-spark","保留","SOCIAL_BUFFER_POOL"
"PN-NHIE-001","never_have_i","1","我从来没有第一次认识一个人，就意外聊了很久。","1","1","2","notice","all-players","public","disclosure","skip-anytime","false","","自我披露","性格/习惯/小癖好","低","知道了说话的人曾经和刚认识的人意外聊了很久","弱","中","低","chat-chemistry","改写候选","REWRITE_CANDIDATE"
"PN-NHIE-002","never_have_i","2","我从来没有因为发现一个共同爱好，很快就和刚认识的人熟起来。","1","1","2","notice","all-players","public","disclosure","skip-anytime","false","","自我披露","性格/习惯/小癖好","低","知道了说话的人曾经因共同爱好很快和刚认识的人熟起来","弱","中","低","chat-chemistry","改写候选","REWRITE_CANDIDATE"
"PN-NHIE-003","never_have_i","3","我从来没有聚会结束以后才发现，自己其实还想继续聊。","1","1","2","notice","all-players","public","disclosure","skip-anytime","false","","自我披露","性格/习惯/小癖好","低","知道了说话的人聚会结束后曾觉得自己还想继续聊","弱","中","低","want-more","改写候选","REWRITE_CANDIDATE"
"PN-NHIE-004","never_have_i","4","我从来没有第一次见一个人时觉得 TA 很安静，后来发现完全不是。","1","1","2","notice","all-players","public","disclosure","skip-anytime","false","","自我披露","性格/习惯/小癖好","低","知道了说话的人曾觉得某人初见安静、后来发现完全不是","弱","中","低","impression-shift","改写候选","REWRITE_CANDIDATE"
"PN-NHIE-005","never_have_i","5","我从来没有和刚认识的人因为一个很小的共同点突然聊开。","1","1","2","notice","all-players","public","disclosure","skip-anytime","false","","自我披露","性格/习惯/小癖好","低","知道了说话的人曾和刚认识的人因一个小共同点突然聊开","弱","中","低","chat-chemistry","改写候选","REWRITE_CANDIDATE"
"PN-NHIE-006","never_have_i","6","我从来没有第一次见面就记住了一个人的某个小习惯。","1","1","2","notice","all-players","public","disclosure","skip-anytime","false","","自我披露","性格/习惯/小癖好","低","知道了说话的人曾在第一次见面就记住某人的某个小习惯","弱","中","低","impression-shift","改写候选","REWRITE_CANDIDATE"
"PN-NHIE-007","never_have_i","7","我从来没有聚会结束后想过：“刚才那个人其实挺有意思。”","1","1","2","notice","all-players","public","disclosure","skip-anytime","false","","自我披露","性格/习惯/小癖好","低","知道了说话的人聚会后曾觉得刚才那个人其实挺有意思","弱","中","低","want-more","改写候选","REWRITE_CANDIDATE"
"PN-NHIE-008","never_have_i","8","我从来没有本来觉得自己会很拘谨，结果碰到某个人以后很快放松下来。","1","1","2","notice","all-players","public","disclosure","skip-anytime","false","","自我披露","性格/习惯/小癖好","低","知道了说话的人曾本来拘谨、但碰到某人后很快放松下来","弱","中","低","social-ease","改写候选","REWRITE_CANDIDATE"
"PN-NHIE-009","never_have_i","9","我从来没有因为一个人的笑容，对 TA 的第一印象突然加分。","2","2","3","know","all-players","public","disclosure","skip-anytime","false","","自我披露","择偶偏好/吸引力","中","知道了说话的人是会被一个人的笑容打动、给第一印象加分的人","弱","高","中","attraction-cue","保留","KEEP_CANDIDATE"
"PN-NHIE-010","never_have_i","10","我从来没有第一次见面时没什么感觉，后来越聊越觉得这个人有意思。","2","2","3","know","all-players","public","disclosure","skip-anytime","false","","自我披露","择偶偏好/吸引力","低","知道了说话的人曾对某人初见无感、但越聊越觉得有意思","弱","中","中","want-more","改写候选","REWRITE_CANDIDATE"
"PN-NHIE-011","never_have_i","11","我从来没有因为一个人特别会接话，而想继续和 TA 聊。","2","2","3","know","all-players","public","disclosure","skip-anytime","false","","自我披露","择偶偏好/吸引力","中","知道了说话的人是会被很会接话的人吸引、想继续聊的人","弱","中","中","chat-chemistry","保留","KEEP_CANDIDATE"
"PN-NHIE-012","never_have_i","12","我从来没有因为一个人的声音很好听，而特别记住 TA。","2","2","3","know","all-players","public","disclosure","skip-anytime","false","","自我披露","择偶偏好/吸引力","中","知道了说话的人是会被好听的声音打动、特别记住对方的人","弱","高","中","attraction-cue","保留","KEEP_CANDIDATE"
"PN-NHIE-013","never_have_i","13","我从来没有因为一个人的某个小动作突然觉得 TA 挺可爱。","2","2","3","know","all-players","public","disclosure","skip-anytime","false","","自我披露","择偶偏好/吸引力","中","知道了说话的人是会被某个小动作打动、觉得对方可爱的人","弱","高","中","attraction-cue","保留","KEEP_CANDIDATE"
"PN-NHIE-014","never_have_i","14","我从来没有第一次认识一个人，就主动问过 TA 的联系方式。","2","2","3","know","all-players","public","disclosure","skip-anytime","false","","自我披露","性格/习惯/小癖好","中","知道了说话的人是第一次认识就敢主动要联系方式的偏主动型","弱","中","中","proactive-move","保留","KEEP_CANDIDATE"
"PN-NHIE-015","never_have_i","15","我从来没有本来准备走了，因为某个人还在而又多待了一会儿。","2","2","3","know","all-players","public","disclosure","skip-anytime","false","","自我披露","现场化学反应","低","知道了说话的人曾因某人还在而本来要走又多待了一会儿","弱","中","中","stay-for-someone","改写候选","REWRITE_CANDIDATE"
"PN-NHIE-016","never_have_i","16","我从来没有因为发现两个人喜欢同一件东西，瞬间觉得距离变近了。","2","2","3","know","all-players","public","disclosure","skip-anytime","false","","自我披露","性格/习惯/小癖好","低","知道了说话的人曾因喜欢同一件东西而瞬间觉得距离变近","弱","中","中","chat-chemistry","改写候选","REWRITE_CANDIDATE"
"PN-NHIE-017","never_have_i","17","我从来没有觉得一个人的性格比外貌更让我想继续认识 TA。","2","2","3","know","all-players","public","disclosure","skip-anytime","false","","自我披露","择偶偏好/吸引力","高","知道了说话的人明确更看重性格而非外貌来决定是否继续认识","是","中","中","-","保留","PRIORITY_KEEP"
"PN-NHIE-018","never_have_i","18","我从来没有第一次见面以后，还在回想刚才和某个人聊过的内容。","2","2","3","know","all-players","public","disclosure","skip-anytime","false","","自我披露","现场化学反应","低","知道了说话的人曾在见面后回想刚才和某人聊过的内容","弱","中","中","want-more","改写候选","REWRITE_CANDIDATE"
"PN-NHIE-019","never_have_i","19","我从来没有因为对一个人有点兴趣，而故意找理由和 TA 多聊几句。","3","3","4","signal","all-players","public","disclosure","skip-anytime","false","","自我披露","性格/习惯/小癖好","中","知道了说话的人是对有兴趣的人会故意找理由多聊的偏主动型","弱","高","高","proactive-move","保留","KEEP_CANDIDATE"
"PN-NHIE-020","never_have_i","20","我从来没有偷偷多看过一个刚认识、但觉得挺有吸引力的人。","3","3","4","signal","all-players","public","disclosure","skip-anytime","false","","自我披露","择偶偏好/吸引力","低","知道了说话的人曾偷偷多看刚认识但觉得有吸引力的人","弱","高","高","noticing-crush","保留","SOCIAL_BUFFER_POOL"
"PN-NHIE-021","never_have_i","21","我从来没有明明想和某个人聊天，却故意表现得很随意。","3","3","4","signal","all-players","public","disclosure","skip-anytime","false","","自我披露","性格/习惯/小癖好","中","知道了说话的人是想聊天却故意装随意的口是心非型","弱","高","中","coy-signal","保留","KEEP_CANDIDATE"
"PN-NHIE-022","never_have_i","22","我从来没有因为一个人在旁边，而突然比平常更注意自己的表现。","3","3","4","signal","all-players","public","disclosure","skip-anytime","false","","自我披露","现场化学反应","低","知道了说话的人曾因某人在旁边而比平常更注意自己的表现","弱","高","中","nervous-around-crush","保留","SOCIAL_BUFFER_POOL"
"PN-NHIE-023","never_have_i","23","我从来没有因为某个人在场，而比原计划多待了半小时以上。","3","3","4","signal","all-players","public","disclosure","skip-anytime","false","","自我披露","现场化学反应","低","知道了说话的人曾因某人在场而比原计划多待半小时以上","弱","中","中","stay-for-someone","改写候选","REWRITE_CANDIDATE"
"PN-NHIE-024","never_have_i","24","我从来没有想跟一个人继续聊天，却一直等着对方先开口。","3","3","4","signal","all-players","public","disclosure","skip-anytime","false","","自我披露","性格/习惯/小癖好","中","知道了说话的人是想继续聊却等对方先开口的偏被动型","弱","高","中","coy-signal","保留","KEEP_CANDIDATE"
"PN-NHIE-025","never_have_i","25","我从来没有因为对某个人有好感，反而不知道应该说什么。","3","3","4","signal","all-players","public","disclosure","skip-anytime","false","","自我披露","性格/习惯/小癖好","低","知道了说话的人曾因对某人有好感反而不知道应该说什么","弱","高","中","social-ease","保留","SOCIAL_BUFFER_POOL"
"PN-NHIE-026","never_have_i","26","我从来没有遇到有感觉的人以后，故意比平常更爱开玩笑。","3","3","4","signal","all-players","public","disclosure","skip-anytime","false","","自我披露","性格/习惯/小癖好","中","知道了说话的人是遇到有感觉的人会更爱开玩笑的人","弱","高","中","coy-signal","保留","KEEP_CANDIDATE"
"PN-NHIE-027","never_have_i","27","我从来没有在聚会里特别留意某个人正在和谁说话。","3","3","4","signal","all-players","public","disclosure","skip-anytime","false","","自我披露","现场化学反应","低","知道了说话的人曾在聚会里特别留意某人正在和谁说话","弱","高","中","noticing-crush","保留","SOCIAL_BUFFER_POOL"
"PN-NHIE-028","never_have_i","28","我从来没有因为一个刚认识的人，回去以后又翻过聊天记录。","3","3","4","signal","all-players","public","disclosure","skip-anytime","false","","自我披露","现场化学反应","低","知道了说话的人曾因刚认识的人回去以后又翻过聊天记录","弱","中","中","noticing-crush","改写候选","REWRITE_CANDIDATE"
"PN-NHIE-029","never_have_i","29","我从来没有因为喜欢和某个人聊天，希望聚会不要那么早结束。","3","3","4","signal","all-players","public","disclosure","skip-anytime","false","","自我披露","现场化学反应","低","知道了说话的人曾因喜欢和某人聊天而希望聚会不要早结束","弱","中","中","stay-for-someone","改写候选","REWRITE_CANDIDATE"
"PN-NHIE-030","never_have_i","30","我从来没有觉得“如果 TA 主动一点，我其实会愿意继续认识”。","3","3","4","signal","all-players","public","disclosure","skip-anytime","false","","自我披露","恋爱观","中","知道了说话的人是偏好对方主动、对方主动就愿意继续的人","弱","高","高","next-step-invitation","保留","KEEP_CANDIDATE"
"PN-NHIE-031","never_have_i","31","我从来没有第一次见面就想过：“如果以后再见 TA 一次，好像也不错。”","4","4","4","flirt","all-players","private-individual","disclosure","skip-anytime","false","relationship-sensitive","暧昧推进","现场化学反应","低","知道了说话的人此刻出现了以后还想再见的人","弱","中","高","reunion-interest","保留","SOCIAL_BUFFER_POOL"
"PN-NHIE-032","never_have_i","32","我从来没有刚认识一个人，就认真考虑过要不要主动约下一次。","4","4","4","flirt","all-players","private-individual","disclosure","skip-anytime","false","relationship-sensitive","暧昧推进","现场化学反应","低","知道了说话的人此刻在认真考虑要不要主动约某人下一次","弱","中","高","next-step-invitation","保留","SOCIAL_BUFFER_POOL"
"PN-NHIE-033","never_have_i","33","我从来没有因为一个人的眼神，突然觉得气氛有一点不一样。","4","4","4","flirt","all-players","private-individual","disclosure","skip-anytime","false","relationship-sensitive","暧昧推进","现场化学反应","低","知道了说话的人此刻因某人的眼神觉得气氛有一点不一样","弱","中","中","eye-contact","改写候选","REWRITE_CANDIDATE"
"PN-NHIE-034","never_have_i","34","我从来没有和一个人对视以后，明明没发生什么却记了很久。","4","4","4","flirt","all-players","private-individual","disclosure","skip-anytime","false","relationship-sensitive","暧昧推进","现场化学反应","低","知道了说话的人曾和某人对视后没发生什么却记了很久","弱","中","中","eye-contact","改写候选","REWRITE_CANDIDATE"
"PN-NHIE-035","never_have_i","35","我从来没有感觉过某个人可能也在注意我，但没有去确认。","4","4","4","flirt","all-players","private-individual","disclosure","skip-anytime","false","relationship-sensitive","暧昧推进","现场化学反应","低","知道了说话的人此刻觉得某人可能也在注意自己但没去确认","弱","中","中","mutual-noticing","改写候选","REWRITE_CANDIDATE"
"PN-NHIE-036","never_have_i","36","我从来没有明明想坐到某个人旁边，却故意装作随便找位置。","4","4","4","flirt","all-players","private-individual","disclosure","skip-anytime","false","relationship-sensitive","暧昧推进","现场化学反应","低","知道了说话的人曾想坐某人旁边却故意装作随便找位置","弱","中","中","proximity-seat","改写候选","REWRITE_CANDIDATE"
"PN-NHIE-037","never_have_i","37","我从来没有因为某个人靠近一点，突然变得有点紧张。","4","4","4","flirt","all-players","private-individual","disclosure","skip-anytime","false","relationship-sensitive","暧昧推进","现场化学反应","低","知道了说话的人曾因某人靠近一点而突然变得有点紧张","弱","中","中","nervous-around-crush","改写候选","REWRITE_CANDIDATE"
"PN-NHIE-038","never_have_i","38","我从来没有很想知道：“TA到底是怎么评价我的？”","4","4","4","flirt","all-players","private-individual","disclosure","skip-anytime","false","relationship-sensitive","暧昧推进","现场化学反应","低","知道了说话的人此刻很想知道某人到底是怎么评价自己的","弱","中","中","-","改写候选","REWRITE_CANDIDATE"
"PN-NHIE-039","never_have_i","39","我从来没有聚会还没结束，就已经想过以后要不要继续联系其中一个人。","4","4","4","flirt","all-players","private-individual","disclosure","skip-anytime","false","relationship-sensitive","暧昧推进","现场化学反应","低","知道了说话的人此刻已经想过要不要继续联系其中一个人","弱","中","高","reunion-interest","保留","SOCIAL_BUFFER_POOL"
"PN-NHIE-040","never_have_i","40","我从来没有想过：“如果今晚 TA 主动约我继续下一场，我大概会答应。”","4","4","4","flirt","all-players","private-individual","disclosure","skip-anytime","false","relationship-sensitive","暧昧推进","现场化学反应","低","知道了说话的人此刻觉得如果某人约下一场自己大概会答应","弱","中","高","next-step-invitation","保留","SOCIAL_BUFFER_POOL"
"PN-NHIE-041","never_have_i","41","今晚限定（私密）：我从来没有在今晚出现过一个“还想继续了解”的人。","4","4","4","flirt","all-players","private-individual","disclosure","skip-anytime","false","relationship-sensitive","暧昧推进","现场化学反应","低","知道了说话的人今晚出现了还想继续了解的人","弱","中","高","reunion-interest","保留","SOCIAL_BUFFER_POOL"
"PN-NHIE-042","never_have_i","42","今晚限定（私密）：我从来没有因为今晚某个人，而比刚来时更期待接下来的游戏。","4","4","4","flirt","all-players","private-individual","disclosure","skip-anytime","false","relationship-sensitive","暧昧推进","现场化学反应","低","知道了说话的人今晚因某个人而比刚来时更期待接下来的游戏","弱","中","中","tonight-game-expectation","改写候选","REWRITE_CANDIDATE"
"PN-NHIE-043","never_have_i","43","今晚限定（私密）：我从来没有在今晚发现某个人和第一印象完全不一样，而且是加分的。","4","4","4","flirt","all-players","private-individual","disclosure","skip-anytime","false","relationship-sensitive","暧昧推进","现场化学反应","低","知道了说话的人今晚发现某人和第一印象不一样而且是加分的","弱","中","中","impression-shift","改写候选","REWRITE_CANDIDATE"
"PN-NHIE-044","never_have_i","44","今晚限定（私密）：我从来没有在今晚特别注意过某个人笑起来是什么样子。","4","4","4","flirt","all-players","private-individual","disclosure","skip-anytime","false","relationship-sensitive","暧昧推进","择偶偏好/吸引力","中","知道了说话的人是今晚会特别注意某人笑的样子、容易被笑容打动的人","弱","中","中","attraction-cue","保留","KEEP_CANDIDATE"
"PN-NHIE-045","never_have_i","45","今晚限定（私密）：我从来没有在今晚希望自己还能再和某个人被分到同一组。","4","4","4","flirt","all-players","private-individual","disclosure","skip-anytime","false","relationship-sensitive","暧昧推进","现场化学反应","低","知道了说话的人今晚希望还能再和某个人被分到同一组","弱","中","中","tonight-game-expectation","改写候选","REWRITE_CANDIDATE"
"PN-NHIE-046","never_have_i","46","今晚限定（私密）：我从来没有在今晚出现过“如果 TA 坐我旁边，我会挺开心”的想法。","4","4","4","flirt","all-players","private-individual","disclosure","skip-anytime","false","relationship-sensitive","暧昧推进","现场化学反应","低","知道了说话的人今晚出现过如果某人坐旁边会挺开心的想法","弱","中","中","proximity-seat","改写候选","REWRITE_CANDIDATE"
"PN-NHIE-047","never_have_i","47","今晚限定（私密）：我从来没有在今晚觉得某个人越聊越有吸引力。","4","4","4","flirt","all-players","private-individual","disclosure","skip-anytime","false","relationship-sensitive","暧昧推进","择偶偏好/吸引力","中","知道了说话的人是今晚会觉得某人越聊越有吸引力的慢热投入型","弱","中","中","attraction-cue","保留","KEEP_CANDIDATE"
"PN-NHIE-048","never_have_i","48","今晚限定（私密）：我从来没有在今晚想过“不知道 TA 有没有也注意到我”。","4","4","4","flirt","all-players","private-individual","disclosure","skip-anytime","false","relationship-sensitive","暧昧推进","现场化学反应","低","知道了说话的人今晚在想不知道某人有没有也注意到自己","弱","中","中","mutual-noticing","改写候选","REWRITE_CANDIDATE"
"PN-NHIE-049","never_have_i","49","今晚限定（私密）：我从来没有在游戏还没结束时，就希望散场后还能和某个人继续聊。","4","4","4","flirt","all-players","private-individual","disclosure","skip-anytime","false","relationship-sensitive","暧昧推进","现场化学反应","低","知道了说话的人此刻已经希望散场后还能和某个人继续聊","弱","中","高","reunion-interest","保留","SOCIAL_BUFFER_POOL"
"PN-NHIE-050","never_have_i","50","今晚限定终局（私密）：我从来没有在今晚遇到一个“如果还有下一次，我愿意再见”的人。","5","4","4","continue","private-choice","private-mutual-result","disclosure","private-mutual-only","false","relationship-sensitive","暧昧推进","现场化学反应","低","知道了说话的人今晚遇到了如果有下一次愿意再见的人","弱","中","高","reunion-interest","保留","SOCIAL_BUFFER_POOL"
"PN-POINT-001","pointing","1","指一个今晚你觉得最容易聊起来的异性。","1","1","2","notice","choose-opposite-sex","public","pointing","skip-anytime","false","","现场评价/猜测","现场化学反应","低","知道了指人者今晚觉得哪位异性最容易聊起来","弱","高","中","easy-talk-pick","保留","SOCIAL_BUFFER_POOL"
"PN-POINT-002","pointing","2","指一个让你觉得相处最放松的异性。","1","1","2","notice","choose-opposite-sex","public","pointing","skip-anytime","false","","现场评价/猜测","现场化学反应","低","知道了指人者觉得和哪位异性相处最放松","弱","高","中","easy-talk-pick","保留","SOCIAL_BUFFER_POOL"
"PN-POINT-003","pointing","3","指一个第一印象让你觉得最友好的异性。","1","1","2","notice","choose-opposite-sex","public","pointing","skip-anytime","false","","现场评价/猜测","现场化学反应","低","知道了指人者觉得哪位异性的第一印象最友好","弱","高","中","first-impression-vibe","保留","SOCIAL_BUFFER_POOL"
"PN-POINT-004","pointing","4","指一个你最想问“你平时最喜欢做什么”的异性。","1","1","2","notice","choose-opposite-sex","public","pointing","skip-anytime","false","","现场评价/猜测","现场化学反应","低","知道了指人者最想问哪位异性平时喜欢做什么，但还没问出答案","弱","中","中","curiosity-pick","改写候选","REWRITE_CANDIDATE"
"PN-POINT-005","pointing","5","指一个如果下一轮要临时组队，你觉得最容易配合的异性。","1","1","2","notice","choose-opposite-sex","public","pointing","skip-anytime","false","","现场评价/猜测","现场化学反应","低","知道了指人者觉得哪位异性临时组队最容易配合","弱","中","中","partner-for-next-round","改写候选","REWRITE_CANDIDATE"
"PN-POINT-006","pointing","6","指一个你觉得笑起来最有感染力的异性。","1","1","2","notice","choose-opposite-sex","public","pointing","skip-anytime","false","","现场评价/猜测","现场化学反应","低","知道了指人者觉得哪位异性笑起来最有感染力","弱","高","中","first-impression-vibe","保留","SOCIAL_BUFFER_POOL"
"PN-POINT-007","pointing","7","指一个你最想听 TA 讲一个故事的异性。","1","1","2","notice","choose-opposite-sex","public","pointing","skip-anytime","false","","现场评价/猜测","现场化学反应","低","知道了指人者最想听哪位异性讲一个故事","弱","高","中","curiosity-pick","保留","SOCIAL_BUFFER_POOL"
"PN-POINT-008","pointing","8","指一个到目前为止你最想再多认识一点的异性。","1","1","2","notice","choose-opposite-sex","public","pointing","skip-anytime","false","","现场评价/猜测","现场化学反应","低","知道了指人者到目前为止最想多认识哪位异性","弱","高","中","easy-talk-pick","保留","SOCIAL_BUFFER_POOL"
"PN-POINT-009","pointing","9","指一个和第一印象相比，今晚给你“加分最多”的异性。","2","2","3","know","choose-opposite-sex","public","pointing","skip-anytime","false","","现场评价/猜测","现场化学反应","低","知道了指人者觉得哪位异性今晚加分最多","弱","高","中","first-impression-vibe","保留","SOCIAL_BUFFER_POOL"
"PN-POINT-010","pointing","10","指一个今晚穿搭或气质最符合你审美的异性。","2","2","3","know","choose-opposite-sex","public","pointing","skip-anytime","false","","现场评价/猜测","择偶偏好/吸引力","低","知道了指人者觉得哪位异性的穿搭或气质最符合自己的审美","弱","高","中","first-impression-vibe","保留","SOCIAL_BUFFER_POOL"
"PN-POINT-011","pointing","11","指一个你愿意坐到 TA 旁边再玩两轮的异性。","2","2","3","know","choose-opposite-sex","public","pointing","skip-anytime","false","","现场评价/猜测","现场化学反应","低","知道了指人者愿意坐到哪位异性旁边再玩两轮","弱","高","中","want-to-stay-close","保留","SOCIAL_BUFFER_POOL"
"PN-POINT-012","pointing","12","指一个你最想知道“TA第一眼怎么看你”的异性。","2","2","3","know","choose-opposite-sex","public","pointing","skip-anytime","false","","现场评价/猜测","现场化学反应","低","知道了指人者最想知道哪位异性第一眼怎么看自己，答案还没揭晓","弱","中","中","curiosity-pick","改写候选","REWRITE_CANDIDATE"
"PN-POINT-013","pointing","13","指一个你最想和 TA 一起玩下一种游戏的异性。","2","2","3","know","choose-opposite-sex","public","pointing","skip-anytime","false","","现场评价/猜测","现场化学反应","低","知道了指人者最想和哪位异性一起玩下一种游戏","弱","中","中","partner-for-next-round","改写候选","REWRITE_CANDIDATE"
"PN-POINT-014","pointing","14","指一个你觉得和自己有一点“一路人”感觉的异性。","2","2","3","know","choose-opposite-sex","public","pointing","skip-anytime","false","","现场评价/猜测","现场化学反应","低","知道了指人者觉得哪位异性和自己有一点一路人的感觉","弱","高","中","flirt-signal-check","保留","SOCIAL_BUFFER_POOL"
"PN-POINT-015","pointing","15","指一个你最想和 TA 交换一首歌、一个餐厅或一个电影推荐的异性。","2","2","3","know","choose-opposite-sex","public","pointing","skip-anytime","false","","现场评价/猜测","现场化学反应","低","知道了指人者最想和哪位异性交换歌、餐厅或电影推荐，推荐内容还没说","弱","中","中","curiosity-pick","改写候选","REWRITE_CANDIDATE"
"PN-POINT-016","pointing","16","指一个你觉得最会认真听别人讲话的异性。","2","2","3","know","choose-opposite-sex","public","pointing","skip-anytime","false","","现场评价/猜测","现场化学反应","低","知道了指人者觉得哪位异性最会认真听别人讲话","弱","高","中","first-impression-vibe","保留","SOCIAL_BUFFER_POOL"
"PN-POINT-017","pointing","17","指一个今晚最让你发现“原来 TA 和想象中不一样”的异性。","2","2","3","know","choose-opposite-sex","public","pointing","skip-anytime","false","","现场评价/猜测","现场化学反应","低","知道了指人者发现哪位异性和想象中不一样","弱","高","中","first-impression-vibe","保留","SOCIAL_BUFFER_POOL"
"PN-POINT-018","pointing","18","周末如果临时想组一个轻松活动，你最想先问哪位异性“你平时休息日都怎么过”？指 TA。","2","2","3","know","choose-opposite-sex","public","pointing","skip-anytime","false","","现场评价/猜测","现场化学反应","低","知道了指人者周末组轻松活动最想先问哪位异性休息日怎么过，答案还没问出","弱","高","中","curiosity-pick","保留","SOCIAL_BUFFER_POOL"
"PN-POINT-019","pointing","19","如果只能继续和一位异性聊十分钟，你指谁？","3","3","4","signal","choose-opposite-sex","public","pointing","skip-anytime","false","","现场评价/猜测","现场化学反应","低","知道了指人者如果只能再聊十分钟会选哪位异性","弱","高","中","easy-talk-pick","保留","SOCIAL_BUFFER_POOL"
"PN-POINT-020","pointing","20","指一个你觉得今晚越聊越有吸引力的异性。","3","3","4","signal","choose-opposite-sex","public","pointing","skip-anytime","false","","现场评价/猜测","择偶偏好/吸引力","低","知道了指人者觉得哪位异性今晚越聊越有吸引力","弱","高","中","flirt-signal-check","保留","SOCIAL_BUFFER_POOL"
"PN-POINT-021","pointing","21","指一个你最希望 TA 主动再问你一个问题的异性。","3","3","4","signal","choose-opposite-sex","public","pointing","skip-anytime","false","","现场评价/猜测","现场化学反应","低","知道了指人者最希望哪位异性主动再问自己一个问题","弱","中","中","flirt-signal-check","改写候选","REWRITE_CANDIDATE"
"PN-POINT-022","pointing","22","如果下一轮可以自由选搭档，你指谁？","3","3","4","signal","choose-opposite-sex","public","pointing","skip-anytime","false","","现场评价/猜测","现场化学反应","低","知道了指人者下一轮自由选搭档会选哪位异性","弱","高","中","partner-for-next-round","保留","SOCIAL_BUFFER_POOL"
"PN-POINT-023","pointing","23","指一个你最希望 TA 现在主动把话题聊深一点的异性。","3","3","4","signal","choose-opposite-sex","public","pointing","skip-anytime","false","","现场评价/猜测","现场化学反应","低","知道了指人者最希望哪位异性现在把话题聊深一点","弱","高","中","flirt-signal-check","保留","SOCIAL_BUFFER_POOL"
"PN-POINT-024","pointing","24","指一个如果 TA 下一轮坐到你旁边，你会最开心的异性。","3","3","4","signal","choose-opposite-sex","public","pointing","skip-anytime","false","","现场评价/猜测","现场化学反应","低","知道了指人者觉得哪位异性坐到旁边会最开心","弱","高","中","want-to-stay-close","保留","SOCIAL_BUFFER_POOL"
"PN-POINT-025","pointing","25","指一个你最想收到 TA 一句真诚夸奖的异性。","3","3","4","signal","choose-opposite-sex","public","pointing","skip-anytime","false","","现场评价/猜测","现场化学反应","低","知道了指人者最想收到哪位异性的一句真诚夸奖","弱","高","中","flirt-signal-check","保留","SOCIAL_BUFFER_POOL"
"PN-POINT-026","pointing","26","指一个你愿意和 TA 单独去拿杯饮料、再聊两分钟的异性。","3","3","4","signal","choose-opposite-sex","public","pointing","skip-anytime","false","","现场评价/猜测","现场化学反应","低","知道了指人者愿意和哪位异性单独去拿杯饮料再聊两分钟","弱","高","中","partner-for-next-round","保留","SOCIAL_BUFFER_POOL"
"PN-POINT-027","pointing","27","指一个今晚曾经有一个瞬间突然让你特别注意到的异性。","3","3","4","signal","choose-opposite-sex","public","pointing","skip-anytime","false","","现场评价/猜测","现场化学反应","低","知道了指人者今晚被哪位异性在某个瞬间突然注意到","弱","高","中","first-impression-vibe","保留","SOCIAL_BUFFER_POOL"
"PN-POINT-028","pointing","28","指一个你最想确认“我们是不是其实挺聊得来”的异性。","3","3","4","signal","choose-opposite-sex","public","pointing","skip-anytime","false","","现场评价/猜测","现场化学反应","低","知道了指人者最想和哪位异性确认是不是挺聊得来","弱","高","中","easy-talk-pick","保留","SOCIAL_BUFFER_POOL"
"PN-POINT-029","pointing","29","指一个如果散场时 TA 说“再聊一会儿”，你最可能答应的异性。","3","3","4","signal","choose-opposite-sex","public","pointing","skip-anytime","false","","现场评价/猜测","现场化学反应","低","知道了指人者觉得哪位异性说再聊一会儿自己最可能答应","弱","高","高","want-to-stay-close","保留","SOCIAL_BUFFER_POOL"
"PN-POINT-030","pointing","30","指一个你最希望系统后面还能再把你们配到一起的异性。","3","3","4","signal","choose-opposite-sex","public","pointing","skip-anytime","false","","现场评价/猜测","现场化学反应","低","知道了指人者最希望系统后面再把自己和哪位异性配到一起","弱","高","高","partner-for-next-round","保留","SOCIAL_BUFFER_POOL"
"PN-POINT-031","pointing","31","指一个如果散场前还剩十分钟，你最想继续聊的异性。","3","3","4","signal","choose-opposite-sex","public","pointing","skip-anytime","false","relationship-sensitive","现场评价/猜测","现场化学反应","低","知道了指人者散场前剩十分钟最想继续聊哪位异性","弱","高","高","easy-talk-pick","保留","SOCIAL_BUFFER_POOL"
"PN-POINT-032","pointing","32","指一个你最希望下次还会在同一桌碰到的异性。","3","3","4","signal","choose-opposite-sex","public","pointing","skip-anytime","false","relationship-sensitive","现场评价/猜测","现场化学反应","低","知道了指人者最希望下次还在同一桌碰到哪位异性","弱","高","高","want-to-stay-close","保留","SOCIAL_BUFFER_POOL"
"PN-POINT-033","pointing","33","指一个如果下一轮由对方反选，你最希望 TA 会选你的异性。","3","3","4","signal","choose-opposite-sex","public","pointing","skip-anytime","false","relationship-sensitive","现场评价/猜测","现场化学反应","低","知道了指人者最希望哪位异性在反选时会选自己","弱","高","高","flirt-signal-check","保留","SOCIAL_BUFFER_POOL"
"PN-POINT-034","pointing","34","指一个你最想听 TA 亲口说出“对你的第一印象”的异性。","3","3","4","signal","choose-opposite-sex","public","pointing","skip-anytime","false","relationship-sensitive","现场评价/猜测","现场化学反应","低","知道了指人者最想亲口听到哪位异性说出对自己的第一印象，答案还没揭晓","弱","高","高","curiosity-pick","保留","SOCIAL_BUFFER_POOL"
"PN-POINT-035","pointing","35","指一个今晚有过某个瞬间，让你明显觉得气氛和刚认识时不一样的异性。","4","4","4","flirt","choose-opposite-sex","public","pointing","skip-anytime","false","relationship-sensitive","现场评价/猜测","择偶偏好/吸引力","低","知道了指人者觉得和哪位异性的气氛明显和刚认识时不一样了","弱","高","高","first-impression-vibe","保留","SOCIAL_BUFFER_POOL"
"PN-POINT-036","pointing","36","如果今晚只能留下一个新的联系方式，你指谁？","4","4","4","flirt","choose-opposite-sex","public","pointing","skip-anytime","false","relationship-sensitive","现场评价/猜测","择偶偏好/吸引力","低","知道了指人者今晚只留一个联系方式会留给哪位异性","弱","中","高","want-to-stay-close","保留","SOCIAL_BUFFER_POOL"
"PN-POINT-037","pointing","37","如果大家决定换下一家，你最愿意继续和哪位异性同行？","4","4","4","flirt","choose-opposite-sex","public","pointing","skip-anytime","false","relationship-sensitive","现场评价/猜测","择偶偏好/吸引力","低","知道了指人者换下一家最愿意和哪位异性同行","弱","高","高","want-to-stay-close","保留","SOCIAL_BUFFER_POOL"
"PN-POINT-038","pointing","38","如果现在能有5分钟不被打扰的聊天时间，你最想留给哪位异性？","4","4","4","flirt","choose-opposite-sex","public","pointing","skip-anytime","false","relationship-sensitive","现场评价/猜测","择偶偏好/吸引力","低","知道了指人者有5分钟不被打扰的时间最想留给哪位异性","弱","高","高","want-to-stay-close","保留","SOCIAL_BUFFER_POOL"
"PN-POINT-039","pointing","39","指一个你最想确认“我们是不是都觉得这段互动有点不一样”的异性。","4","4","4","flirt","choose-opposite-sex","public","pointing","skip-anytime","false","relationship-sensitive","现场评价/猜测","择偶偏好/吸引力","低","知道了指人者最想和哪位异性确认彼此是不是都觉得互动有点不一样","弱","高","高","flirt-signal-check","保留","SOCIAL_BUFFER_POOL"
"PN-POINT-040","pointing","40","如果今晚只能给一个人一次“改天再见”的机会，你指谁？","4","4","4","flirt","choose-opposite-sex","public","pointing","skip-anytime","false","relationship-sensitive","现场评价/猜测","择偶偏好/吸引力","低","知道了指人者只给一个人改天再见的机会会给哪位异性","弱","中","高","want-to-stay-close","保留","SOCIAL_BUFFER_POOL"
"PN-POINT-041","pointing","41","如果一周后又在同一家店碰见，你最希望看到哪位异性？","4","4","4","flirt","choose-opposite-sex","public","pointing","skip-anytime","false","relationship-sensitive","现场评价/猜测","择偶偏好/吸引力","低","知道了一周后在同一家店指人者最希望看到哪位异性","弱","高","高","want-to-stay-close","保留","SOCIAL_BUFFER_POOL"
"PN-POINT-042","pointing","42","明天手机亮起一条来自今晚的新消息，你最希望发件人是哪位异性？","4","4","4","flirt","choose-opposite-sex","public","pointing","skip-anytime","false","relationship-sensitive","现场评价/猜测","择偶偏好/吸引力","低","知道了指人者最希望明早的新消息来自哪位异性","弱","高","高","want-to-stay-close","保留","SOCIAL_BUFFER_POOL"
"PN-POINT-043","pointing","43","如果对方只约你30分钟咖啡，你最愿意答应哪位异性？","4","4","4","flirt","choose-opposite-sex","public","pointing","skip-anytime","false","relationship-sensitive","现场评价/猜测","择偶偏好/吸引力","低","知道了哪位异性约30分钟咖啡指人者最愿意答应","弱","高","高","want-to-stay-close","保留","SOCIAL_BUFFER_POOL"
"PN-POINT-044","pointing","44","如果现在立刻进入秘密互选，你最希望哪位异性出现在你的可选名单最前面？","4","4","4","flirt","choose-opposite-sex","public","pointing","skip-anytime","false","relationship-sensitive","现场评价/猜测","择偶偏好/吸引力","低","知道了秘密互选时指人者最希望哪位异性排在名单最前面","弱","中","高","flirt-signal-check","保留","SOCIAL_BUFFER_POOL"
"PN-POINT-045","pointing","45","指一个你觉得值得花一次单独见面的时间继续了解的异性。","4","4","4","flirt","choose-opposite-sex","public","pointing","skip-anytime","false","relationship-sensitive","现场评价/猜测","择偶偏好/吸引力","低","知道了指人者觉得哪位异性值得花一次单独见面继续了解","弱","高","高","want-to-stay-close","保留","SOCIAL_BUFFER_POOL"
"PN-POINT-046","pointing","46","指一个你最想知道“TA最后会不会在秘密互选里选你”的异性。","4","4","4","flirt","choose-opposite-sex","public","pointing","skip-anytime","false","relationship-sensitive","现场评价/猜测","择偶偏好/吸引力","低","知道了指人者最想知道哪位异性最后会不会在秘密互选里选自己","弱","中","高","flirt-signal-check","保留","SOCIAL_BUFFER_POOL"
"PN-POINT-047","pointing","47","如果今晚只能对一位异性留一句“下次见”，你指谁？","4","4","4","flirt","choose-opposite-sex","public","pointing","skip-anytime","false","relationship-sensitive","现场评价/猜测","择偶偏好/吸引力","低","知道了指人者只能对一位异性说下次见时会选谁","弱","高","高","want-to-stay-close","保留","SOCIAL_BUFFER_POOL"
"PN-POINT-048","pointing","48","如果现在能解锁一次双人专属题，你最愿意和哪位异性一起玩？","4","4","4","flirt","choose-opposite-sex","public","pointing","skip-anytime","false","relationship-sensitive","现场评价/猜测","择偶偏好/吸引力","低","知道了指人者解锁双人专属题最愿意和哪位异性一起玩","弱","高","高","partner-for-next-round","保留","SOCIAL_BUFFER_POOL"
"PN-POINT-049","pointing","49","如果今晚有一个人最可能让你回家路上还会想起，你指谁？","4","4","4","flirt","choose-opposite-sex","public","pointing","skip-anytime","false","relationship-sensitive","现场评价/猜测","择偶偏好/吸引力","低","知道了指人者觉得今晚谁最可能让自己回家路上还会想起","弱","高","高","want-to-stay-close","保留","SOCIAL_BUFFER_POOL"
"PN-POINT-050","pointing","50","终局私密指人：如果对方也选你，你愿意继续认识哪位异性？","5","4","4","continue","private-choice","private-mutual-result","pointing","private-mutual-only","false","relationship-sensitive","现场评价/猜测","择偶偏好/吸引力","低","知道了终局时指人者愿意继续认识哪位异性","弱","中","高","want-to-stay-close","保留","SOCIAL_BUFFER_POOL"
"PN-TRUTH-001","truth","1","看着系统指定的这位异性，说出你今晚最先注意到 TA 的一个细节。","1","1","2","notice","system-opposite-sex","public","expression","skip-anytime","false","","现场评价/猜测","现场化学反应","低","知道了说话人今晚最先注意到这位异性的哪一个细节。","弱","高","中","noticed-detail-moment","保留","SOCIAL_BUFFER_POOL"
"PN-TRUTH-002","truth","2","用三个词说说这位异性目前给你的感觉，由 TA 选一个最准确的。","1","1","2","notice","system-opposite-sex","public","expression","skip-anytime","false","","现场评价/猜测","现场化学反应","低","知道了说话人用哪三个词形容这位异性，以及TA本人认领了哪一个。","弱","高","中","impression-keyword","保留","SOCIAL_BUFFER_POOL"
"PN-TRUTH-003","truth","3","你第一眼觉得这位异性是什么性格？现在还这么觉得吗？","1","1","2","notice","system-opposite-sex","public","expression","skip-anytime","false","","现场评价/猜测","现场化学反应","低","知道了说话人第一眼给这位异性贴了什么性格标签，现在改没改。","弱","中","中","first-impression-personality","改写候选","REWRITE_CANDIDATE"
"PN-TRUTH-004","truth","4","说一个这位异性今晚做过、但你觉得其他人可能没注意到的小细节。","1","1","2","notice","system-opposite-sex","public","expression","skip-anytime","false","","现场评价/猜测","现场化学反应","低","知道了说话人观察到这位异性今晚哪个别人没发现的小细节。","弱","中","中","noticed-detail-moment","改写候选","REWRITE_CANDIDATE"
"PN-TRUTH-005","truth","5","这位异性身上哪一点最容易让别人愿意和 TA 聊天？","1","1","2","notice","system-opposite-sex","public","expression","skip-anytime","false","","现场评价/猜测","现场化学反应","低","知道了说话人觉得这位异性身上哪一点最招人聊。","弱","中","中","chat-appeal-trait","改写候选","REWRITE_CANDIDATE"
"PN-TRUTH-006","truth","6","如果只根据今晚的表现，你觉得这位异性属于主动型还是慢热型？让 TA 公布答案。","1","1","2","notice","system-opposite-sex","public","expression","skip-anytime","false","","现场评价/猜测","性格/习惯/小癖好","中","知道了这位异性自认是主动型还是慢热型，但没讲出原因。","弱","中","中","active-vs-shy-guess","改写候选","KEEP_CANDIDATE"
"PN-TRUTH-007","truth","7","说一个你觉得很适合这位异性的关键词，并告诉 TA 为什么。","1","1","2","notice","system-opposite-sex","public","expression","skip-anytime","false","","现场评价/猜测","现场化学反应","低","知道了说话人送给这位异性哪个关键词以及理由。","弱","中","中","impression-keyword","改写候选","REWRITE_CANDIDATE"
"PN-TRUTH-008","truth","8","到目前为止，这位异性哪个瞬间让你印象最深？","1","1","2","notice","system-opposite-sex","public","expression","skip-anytime","false","","现场评价/猜测","现场化学反应","低","知道了说话人对这位异性印象最深的是今晚哪个瞬间。","弱","高","中","noticed-detail-moment","保留","SOCIAL_BUFFER_POOL"
"PN-TRUTH-009","truth","9","如果今晚第一次认识 TA，你觉得 TA 最容易给人留下什么第一印象？","1","1","2","notice","system-opposite-sex","public","expression","skip-anytime","false","","现场评价/猜测","现场化学反应","低","知道了说话人觉得这位异性最容易给人留下什么第一印象。","弱","中","中","first-impression-personality","改写候选","REWRITE_CANDIDATE"
"PN-TRUTH-010","truth","10","说一个你现在有点好奇、但还不知道的关于 TA 的小问题，然后直接问。","1","1","2","notice","system-opposite-sex","public","expression","skip-anytime","false","","现场评价/猜测","现场化学反应","低","知道了说话人此刻最好奇这位异性的哪一件事，以及TA当场的回答。","弱","中","高","unasked-curiosity","保留","SOCIAL_BUFFER_POOL"
"PN-TRUTH-011","truth","11","如果可以和这位异性单独聊十分钟，你最想和 TA 聊什么？","2","2","3","know","system-opposite-sex","public","expression","skip-anytime","false","","现场评价/猜测","现场化学反应","低","知道了说话人最想和这位异性单独聊的话题是什么。","弱","中","高","want-to-talk-topic","保留","SOCIAL_BUFFER_POOL"
"PN-TRUTH-012","truth","12","你觉得这位异性在熟人面前和现在会有什么不一样？让 TA 自己揭晓。","2","2","3","know","system-opposite-sex","public","expression","skip-anytime","false","","自我披露","性格/习惯/小癖好","中","知道了这位异性自称在熟人面前和现在有什么不一样。","弱","中","中","-","改写候选","KEEP_CANDIDATE"
"PN-TRUTH-013","truth","13","到目前为止，你发现你们两个人有什么共同点？","2","2","3","know","system-opposite-sex","public","expression","skip-anytime","false","","相互了解","兴趣爱好","中","知道了说话人和这位异性之间有一个什么共同点。","弱","中","高","-","保留","KEEP_CANDIDATE"
"PN-TRUTH-014","truth","14","这位异性身上哪一种性格特点是你比较欣赏的？","2","2","3","know","system-opposite-sex","public","expression","skip-anytime","false","","现场评价/猜测","现场化学反应","低","知道了说话人比较欣赏这位异性身上的哪一种性格特点。","弱","中","中","appreciated-comfort-trait","改写候选","REWRITE_CANDIDATE"
"PN-TRUTH-015","truth","15","你觉得这位异性属于“越认识越有意思”还是“第一眼就很有存在感”？为什么？","2","2","3","know","system-opposite-sex","public","expression","skip-anytime","false","","现场评价/猜测","现场化学反应","低","知道了说话人把这位异性归为越认识越有意思还是第一眼有存在感。","弱","中","中","-","改写候选","REWRITE_CANDIDATE"
"PN-TRUTH-016","truth","16","如果下一轮只能继续了解 TA 一件事，你最想知道什么？","2","2","3","know","system-opposite-sex","public","expression","skip-anytime","false","","现场评价/猜测","现场化学反应","低","知道了说话人下一轮最想了解这位异性的哪一件事。","弱","中","高","want-to-talk-topic","保留","SOCIAL_BUFFER_POOL"
"PN-TRUTH-017","truth","17","猜猜这位异性在喜欢的人面前会更主动还是更害羞，让 TA 自己回答。","2","2","3","know","system-opposite-sex","public","expression","skip-anytime","false","","现场评价/猜测","恋爱观","中","知道了这位异性自称在喜欢的人面前更主动还是更害羞，但没讲原因。","弱","高","中","active-vs-shy-guess","保留","KEEP_CANDIDATE"
"PN-TRUTH-018","truth","18","如果你们两个人一起出去玩，你觉得谁比较可能负责做决定？","2","2","3","know","system-opposite-sex","public","expression","skip-anytime","false","","现场评价/猜测","性格/习惯/小癖好","低","知道了说话人觉得两人出去玩时谁更可能负责做决定。","弱","中","中","-","改写候选","REWRITE_CANDIDATE"
"PN-TRUTH-019","truth","19","这位异性有什么地方和你原来以为的不一样？","2","2","3","know","system-opposite-sex","public","expression","skip-anytime","false","","现场评价/猜测","现场化学反应","低","知道了说话人发现这位异性哪一点和自己原来以为的不一样。","弱","中","中","-","改写候选","REWRITE_CANDIDATE"
"PN-TRUTH-020","truth","20","如果让 TA 问你一个问题，你最希望 TA 问你什么？","2","2","3","know","system-opposite-sex","public","expression","skip-anytime","false","","自我披露","现场化学反应","低","知道了说话人最希望这位异性问自己哪一个问题。","弱","中","中","-","改写候选","REWRITE_CANDIDATE"
"PN-TRUTH-021","truth","21","在场异性里，谁是你觉得越聊越有意思的人？说出哪一段对话让你开始改观。","3","3","4","signal","choose-opposite-sex","public","expression","skip-anytime","false","","现场评价/猜测","现场化学反应","低","知道了说话人觉得在场哪位异性越聊越有意思，以及是哪段对话让他改观。","弱","高","高","interest-gained-moment","保留","SOCIAL_BUFFER_POOL"
"PN-TRUTH-022","truth","22","如果现在只能选择一位异性继续聊十分钟，你会选谁？你觉得你们还有什么没聊完？","3","3","4","signal","choose-opposite-sex","public","expression","skip-anytime","false","","现场评价/猜测","现场化学反应","低","知道了说话人现在最想继续聊的异性是谁，以及他觉得没聊完什么。","弱","高","高","pick-to-continue-chat","保留","SOCIAL_BUFFER_POOL"
"PN-TRUTH-023","truth","23","在场哪位异性的聊天方式最容易让你继续想聊下去？说出 TA 哪一种回应方式最让你加分。","3","3","4","signal","choose-opposite-sex","public","expression","skip-anytime","false","","现场评价/猜测","择偶偏好/吸引力","高","知道了说话人明确喜欢哪一种聊天回应方式，换个局也成立。","是","中","高","chat-appeal-trait","保留","PRIORITY_KEEP"
"PN-TRUTH-024","truth","24","在场异性里，谁和你的第一印象相比“加分最多”？说出改变你判断的那个具体瞬间。","3","3","4","signal","choose-opposite-sex","public","expression","skip-anytime","false","","现场评价/猜测","现场化学反应","低","知道了说话人觉得在场谁加分最多，以及改变判断的具体瞬间。","弱","高","中","interest-gained-moment","保留","SOCIAL_BUFFER_POOL"
"PN-TRUTH-025","truth","25","如果下一轮必须和一位异性组成二人队，你最想选谁？你觉得你们会在哪一点配合得最好？","3","3","4","signal","choose-opposite-sex","public","expression","skip-anytime","false","","现场评价/猜测","现场化学反应","低","知道了说话人最想和哪位异性组队，以及他觉得两人哪一点配合最好。","弱","高","中","-","保留","SOCIAL_BUFFER_POOL"
"PN-TRUTH-026","truth","26","哪位异性今晚有一个瞬间让你突然觉得“这个人挺有意思”？说出那个瞬间。","3","3","4","signal","choose-opposite-sex","public","expression","skip-anytime","false","","现场评价/猜测","现场化学反应","低","知道了说话人觉得在场哪位异性哪个瞬间挺有意思。","弱","高","中","interest-gained-moment","保留","SOCIAL_BUFFER_POOL"
"PN-TRUTH-027","truth","27","在场异性里，你最想知道谁对你的第一印象？先猜一句 TA 当时可能会怎么评价你。","3","3","4","signal","choose-opposite-sex","public","expression","skip-anytime","false","","现场评价/猜测","现场化学反应","低","知道了说话人最想知道谁对自己的第一印象，以及他猜对方会怎么评价自己。","弱","高","中","-","保留","SOCIAL_BUFFER_POOL"
"PN-TRUTH-028","truth","28","如果今晚有一位异性主动来找你继续聊天，你最希望是谁？如果 TA 现在过来，你最想先聊什么？","3","3","4","signal","choose-opposite-sex","public","expression","skip-anytime","false","","现场评价/猜测","现场化学反应","低","知道了说话人最希望哪位异性来找自己聊，以及想先聊什么。","弱","高","高","pick-to-continue-chat","保留","SOCIAL_BUFFER_POOL"
"PN-TRUTH-029","truth","29","哪位异性的夸奖最可能让你真的开心？为什么？","3","3","4","signal","choose-opposite-sex","public","expression","skip-anytime","false","","自我披露","性格/习惯/小癖好","中","知道了说话人自称被哪位异性的哪种夸奖最能打动，但缺具体事例。","弱","中","中","-","改写候选","KEEP_CANDIDATE"
"PN-TRUTH-030","truth","30","在场异性里，谁最符合你喜欢的“聊天节奏”？具体说说这个节奏是什么感觉。","3","3","4","signal","choose-opposite-sex","public","expression","skip-anytime","false","","现场评价/猜测","择偶偏好/吸引力","高","知道了说话人明确喜欢什么样的聊天节奏，换个局也成立。","是","中","高","chat-appeal-trait","保留","PRIORITY_KEEP"
"PN-TRUTH-031","truth","31","如果今晚结束后只有一位异性约你改天喝咖啡，你最希望是谁？说出一个让你愿意赴约的原因。","4","4","4","flirt","choose-opposite-sex","public","expression","skip-anytime","false","relationship-sensitive","暧昧推进","择偶偏好/吸引力","低","知道了说话人今晚最想和哪位异性约咖啡，以及愿意赴约的原因。","弱","高","高","date-intent-pick","保留","SOCIAL_BUFFER_POOL"
"PN-TRUTH-032","truth","32","在场异性里，谁坐到你旁边继续玩，你会最开心？说出 TA 哪一点让你相处起来比较舒服。","4","4","4","flirt","choose-opposite-sex","public","expression","skip-anytime","false","relationship-sensitive","现场评价/猜测","择偶偏好/吸引力","中","知道了说话人和谁相处最舒服，以及对方哪一点让他觉得舒服。","弱","高","高","appreciated-comfort-trait","保留","KEEP_CANDIDATE"
"PN-TRUTH-033","truth","33","今晚有没有一位异性让你怀疑过：“TA刚才是不是也在注意我？”如果有，是谁？","4","4","4","flirt","choose-opposite-sex","public","expression","skip-anytime","false","relationship-sensitive","现场评价/猜测","现场化学反应","低","知道了说话人怀疑在场哪位异性刚才也在注意自己。","弱","高","高","mutual-attention-signal","保留","SOCIAL_BUFFER_POOL"
"PN-TRUTH-034","truth","34","在场异性里，你现在最想知道谁到底是怎么看你的？先说一句你最担心 TA 误会你的地方。","4","4","4","flirt","choose-opposite-sex","public","expression","skip-anytime","false","relationship-sensitive","自我披露","性格/习惯/小癖好","中","知道了说话人最担心某位异性误会自己的哪一点。","弱","中","高","-","保留","KEEP_CANDIDATE"
"PN-TRUTH-035","truth","35","选一位异性，说一个 TA 今晚让你觉得特别有吸引力的瞬间。","4","4","4","flirt","choose-opposite-sex","public","expression","skip-anytime","false","relationship-sensitive","现场评价/猜测","现场化学反应","低","知道了说话人觉得哪位异性今晚哪个瞬间特别有吸引力。","弱","高","高","-","保留","SOCIAL_BUFFER_POOL"
"PN-TRUTH-036","truth","36","如果有一位异性今晚对你说“下次还想跟你一起玩”，你最希望这句话是谁说？为什么是 TA？","4","4","4","flirt","choose-opposite-sex","public","expression","skip-anytime","false","relationship-sensitive","暧昧推进","现场化学反应","低","知道了说话人最希望哪位异性约自己下次一起玩，以及为什么是TA。","弱","高","高","date-intent-pick","保留","SOCIAL_BUFFER_POOL"
"PN-TRUTH-037","truth","37","在场异性里，谁如果主动约你单独吃饭，你最可能答应？如果真去，你更想选什么样的地方？","4","4","4","flirt","choose-opposite-sex","public","expression","skip-anytime","false","relationship-sensitive","暧昧推进","生活方式","中","知道了说话人最可能答应谁的单独约饭，以及他偏好选什么样的吃饭地方。","弱","高","高","date-spot-preference","保留","KEEP_CANDIDATE"
"PN-TRUTH-038","truth","38","选一位异性，说出一个让你愿意在今晚之后继续了解 TA 的理由。","4","4","4","flirt","choose-opposite-sex","public","expression","skip-anytime","false","relationship-sensitive","暧昧推进","现场化学反应","低","知道了说话人愿意在今晚之后继续了解哪位异性，以及理由是什么。","弱","中","高","continue-interest-reason","保留","SOCIAL_BUFFER_POOL"
"PN-TRUTH-039","truth","39","如果今晚只能和一位异性留下新的联系，你现在最想选谁？你真正还想继续了解 TA 的是什么？","4","4","4","flirt","choose-opposite-sex","public","expression","skip-anytime","false","relationship-sensitive","暧昧推进","现场化学反应","低","知道了说话人今晚最想留下联系的异性是谁，以及还想继续了解TA什么。","弱","高","高","continue-interest-reason","保留","SOCIAL_BUFFER_POOL"
"PN-TRUTH-040","truth","40","选一位异性：如果你必须告诉 TA 一句“其实刚才我有注意到你……”，后半句你会怎么说？","4","4","4","flirt","choose-opposite-sex","public","expression","skip-anytime","false","relationship-sensitive","暧昧推进","现场化学反应","低","知道了说话人想对哪位异性当面说什么注意到了TA的后半句。","弱","高","高","mutual-attention-signal","保留","SOCIAL_BUFFER_POOL"
"PN-TRUTH-041","truth","41","MATCH题｜两人轮流回答：你是从今晚哪个瞬间开始，对 TA 的注意明显变多的？","5","4","4","continue","match-pair","public","expression","skip-anytime","true","relationship-sensitive","相互了解","现场化学反应","低","知道了MATCH两人分别从今晚哪个瞬间开始对对方注意变多。","弱","中","高","match-impression-shift","保留","SOCIAL_BUFFER_POOL"
"PN-TRUTH-042","truth","42","MATCH题｜两人轮流回答：现在的 TA 和你第一眼看到的 TA，哪个地方变化最大？","5","4","4","continue","match-pair","public","expression","skip-anytime","true","relationship-sensitive","现场评价/猜测","现场化学反应","低","知道了MATCH两人分别觉得对方和第一眼比哪个地方变化最大。","弱","中","高","match-impression-shift","保留","SOCIAL_BUFFER_POOL"
"PN-TRUTH-043","truth","43","MATCH题｜两人轮流回答：如果决定要不要再单独见一次，你现在最想先了解 TA 哪件事？","5","4","4","continue","match-pair","public","expression","skip-anytime","true","relationship-sensitive","自我披露","现场化学反应","低","知道了MATCH两人决定再单独见之前各自最想先了解对方哪件事。","弱","中","高","unasked-curiosity","保留","SOCIAL_BUFFER_POOL"
"PN-TRUTH-044","truth","44","MATCH题｜两人轮流回答：TA 今晚做过什么，让你觉得和 TA 相处比较舒服？","5","4","4","continue","match-pair","public","expression","skip-anytime","true","relationship-sensitive","现场评价/猜测","现场化学反应","低","知道了MATCH两人分别觉得对方今晚做了什么让自己相处舒服。","弱","中","高","appreciated-comfort-trait","保留","SOCIAL_BUFFER_POOL"
"PN-TRUTH-045","truth","45","MATCH题｜两人轮流回答：如果下次真的单独见面，你比较想去喝咖啡、吃饭、散步还是喝一杯？说说为什么。","5","4","4","continue","match-pair","public","expression","skip-anytime","true","relationship-sensitive","自我披露","生活方式","高","知道了MATCH两人各自明确偏好的下次单独见面方式及原因，换个局也成立。","是","中","高","date-spot-preference","保留","PRIORITY_KEEP"
"PN-TRUTH-046","truth","46","MATCH题｜两人轮流回答：如果以后继续认识，你最希望 TA 慢慢发现你性格里的哪一面？","5","4","4","continue","match-pair","public","expression","skip-anytime","true","relationship-sensitive","自我披露","性格/习惯/小癖好","高","知道了MATCH两人各自最希望对方慢慢发现自己性格里的哪一面，换个局也成立。","是","中","高","-","保留","PRIORITY_KEEP"
"PN-TRUTH-047","truth","47","MATCH题｜两人轮流回答：说一个你今晚其实想问 TA、但之前一直没好意思直接问的问题。","5","4","4","continue","match-pair","public","expression","skip-anytime","true","relationship-sensitive","相互了解","现场化学反应","中","知道了MATCH两人今晚一直没好意思问对方的那个问题以及当场回答。","是","中","高","unasked-curiosity","保留","KEEP_CANDIDATE"
"PN-TRUTH-048","truth","48","MATCH题｜两人轮流回答：什么样的信号会让你确定“TA是真的还想继续了解我”？","5","4","4","continue","match-pair","public","expression","skip-anytime","true","relationship-sensitive","自我披露","恋爱观","高","知道了MATCH两人各自确认对方真想继续了解自己的明确信号标准，换个局也成立。","是","中","高","-","保留","PRIORITY_KEEP"
"PN-TRUTH-049","truth","49","MATCH题｜两人轮流回答：补完一句“如果还有下一次，我希望我们可以……”。","5","4","4","continue","match-pair","public","expression","skip-anytime","true","relationship-sensitive","暧昧推进","现场化学反应","低","知道了MATCH两人各自希望下一次和对方一起做什么。","弱","中","高","-","保留","SOCIAL_BUFFER_POOL"
"PN-TRUTH-050","truth","50","MATCH终局复核：今晚之后，你是否仍愿意继续认识 TA？","5","4","4","continue","match-pair","private-mutual-result","expression","private-mutual-only","true","relationship-sensitive","暧昧推进","现场化学反应","低","知道了两人今晚之后是否仍愿意继续认识对方。","弱","高","高","-","保留","SOCIAL_BUFFER_POOL"
