cardId,gameType,exposureCount,infoGain,semanticType,topic,socialEnergy,relationshipProgression
"PN-NHIE-050","never_have_i","896","低","暧昧推进","现场化学反应","中","高"
"PN-POINT-050","pointing","636","低","现场评价/猜测","择偶偏好/吸引力","中","高"
"PN-CHEM-036","chemistry","618","低","暧昧推进","现场化学反应","低","高"
"PN-CHEM-038","chemistry","616","低","暧昧推进","现场化学反应","低","高"
"PN-EITHER-034","either_or","574","中","暧昧推进","恋爱观","中","高"
"PN-EITHER-042","either_or","572","低","暧昧推进","现场化学反应","中","高"
"PN-EITHER-036","either_or","572","低","暧昧推进","现场化学反应","中","中"
"PN-EITHER-040","either_or","562","低","暧昧推进","现场化学反应","高","高"
"PN-CHEM-031","chemistry","557","低","暧昧推进","现场化学反应","低","高"
"PN-CHEM-035","chemistry","556","低","暧昧推进","现场化学反应","低","高"
"PN-EITHER-037","either_or","554","低","暧昧推进","现场化学反应","高","高"
"PN-EITHER-032","either_or","553","中","暧昧推进","择偶偏好/吸引力","中","中"
"PN-CHEM-040","chemistry","553","高","相互了解","恋爱观","中","高"
"PN-EITHER-038","either_or","552","高","暧昧推进","亲密/性观念","高","高"
"PN-CHEM-032","chemistry","549","低","暧昧推进","现场化学反应","低","高"
"PN-CHEM-033","chemistry","548","低","暧昧推进","现场化学反应","低","高"
"PN-EITHER-033","either_or","544","中","暧昧推进","亲密/性观念","中","中"
"PN-EITHER-041","either_or","543","低","暧昧推进","现场化学反应","高","高"
"PN-EITHER-035","either_or","543","中","暧昧推进","择偶偏好/吸引力","中","中"
"PN-CHEM-039","chemistry","542","低","暧昧推进","现场化学反应","低","高"
"PN-EITHER-031","either_or","540","低","暧昧推进","现场化学反应","高","高"
"PN-EITHER-039","either_or","529","中","暧昧推进","亲密/性观念","高","高"
"PN-CHEM-037","chemistry","529","低","暧昧推进","现场化学反应","低","高"
"PN-CHEM-034","chemistry","518","低","暧昧推进","现场化学反应","低","高"
"PN-EITHER-008","either_or","510","中","自我披露","性格/习惯/小癖好","中","中"
"PN-EITHER-007","either_or","506","中","自我披露","性格/习惯/小癖好","中","低"
"PN-EITHER-002","either_or","503","中","自我披露","生活方式","中","中"
"PN-EITHER-001","either_or","489","中","自我披露","性格/习惯/小癖好","中","中"
"PN-NHIE-006","never_have_i","487","低","自我披露","性格/习惯/小癖好","中","低"
"PN-EITHER-004","either_or","470","中","自我披露","性格/习惯/小癖好","中","中"
"PN-EITHER-005","either_or","467","中","自我披露","性格/习惯/小癖好","中","低"
"PN-EITHER-003","either_or","467","高","自我披露","生活方式","中","中"
"PN-NHIE-003","never_have_i","466","低","自我披露","性格/习惯/小癖好","中","低"
"PN-EITHER-012","either_or","451","中","自我披露","择偶偏好/吸引力","中","中"
"PN-EITHER-011","either_or","447","中","自我披露","择偶偏好/吸引力","中","中"
"PN-NHIE-004","never_have_i","439","低","自我披露","性格/习惯/小癖好","中","低"
"PN-EITHER-010","either_or","438","中","自我披露","择偶偏好/吸引力","中","中"
"PN-EITHER-006","either_or","437","中","自我披露","性格/习惯/小癖好","中","低"
"PN-EITHER-013","either_or","433","中","自我披露","生活方式","中","中"
"PN-NHIE-008","never_have_i","429","低","自我披露","性格/习惯/小癖好","中","低"
"PN-NHIE-007","never_have_i","429","低","自我披露","性格/习惯/小癖好","中","低"
"PN-CHEM-008","chemistry","426","中","相互了解","性格/习惯/小癖好","中","中"
"PN-EITHER-009","either_or","423","中","自我披露","择偶偏好/吸引力","中","中"
"PN-NHIE-002","never_have_i","422","低","自我披露","性格/习惯/小癖好","中","低"
"PN-NHIE-005","never_have_i","420","低","自我披露","性格/习惯/小癖好","中","低"
"PN-CHEM-004","chemistry","415","中","相互了解","性格/习惯/小癖好","中","中"
"PN-DARE-033","dare","415","中","暧昧推进","亲密/性观念","中","高"
"PN-EITHER-014","either_or","413","高","自我披露","生活方式","中","中"
"PN-TRUTH-038","truth","410","低","暧昧推进","现场化学反应","中","高"
"PN-EITHER-016","either_or","408","高","自我披露","生活方式","中","中"
"PN-DARE-040","dare","408","低","暧昧推进","亲密/性观念","高","高"
"PN-MOST-004","most_likely","406","低","现场评价/猜测","现场化学反应","高","高"
"PN-TRUTH-036","truth","406","低","暧昧推进","现场化学反应","高","高"
"PN-EITHER-018","either_or","405","高","自我披露","恋爱观","中","高"
"PN-DARE-037","dare","404","低","暧昧推进","现场化学反应","高","高"
"PN-DARE-034","dare","402","低","暧昧推进","现场化学反应","高","高"
"PN-DARE-031","dare","400","低","暧昧推进","现场化学反应","高","高"
"PN-NHIE-001","never_have_i","397","低","自我披露","性格/习惯/小癖好","中","低"
"PN-CHEM-001","chemistry","397","低","相互了解","现场化学反应","中","中"
"PN-DARE-032","dare","397","中","暧昧推进","择偶偏好/吸引力","中","高"
"PN-DARE-038","dare","396","中","暧昧推进","亲密/性观念","高","高"
"PN-EITHER-015","either_or","395","中","自我披露","择偶偏好/吸引力","中","中"
"PN-CHEM-002","chemistry","395","中","相互了解","生活方式","中","中"
"PN-DARE-039","dare","389","中","暧昧推进","择偶偏好/吸引力","高","高"
"PN-NHIE-018","never_have_i","388","低","自我披露","现场化学反应","中","中"
"PN-CHEM-003","chemistry","386","中","相互了解","性格/习惯/小癖好","中","中"
"PN-TRUTH-032","truth","386","中","现场评价/猜测","择偶偏好/吸引力","高","高"
"PN-NHIE-009","never_have_i","386","中","自我披露","择偶偏好/吸引力","高","中"
"PN-DARE-035","dare","384","低","暧昧推进","亲密/性观念","高","高"
"PN-TRUTH-033","truth","382","低","现场评价/猜测","现场化学反应","高","高"
"PN-EITHER-017","either_or","381","高","自我披露","恋爱观","高","高"
"PN-CHEM-006","chemistry","381","中","相互了解","性格/习惯/小癖好","中","中"
"PN-MOST-008","most_likely","381","低","现场评价/猜测","现场化学反应","高","高"
"PN-MOST-005","most_likely","381","低","现场评价/猜测","现场化学反应","高","高"
"PN-CHEM-007","chemistry","378","中","相互了解","性格/习惯/小癖好","中","中"
"PN-MOST-006","most_likely","376","低","现场评价/猜测","现场化学反应","中","中"
"PN-TRUTH-037","truth","376","中","暧昧推进","生活方式","高","高"
"PN-POINT-003","pointing","376","低","现场评价/猜测","现场化学反应","高","中"
"PN-TRUTH-034","truth","375","中","自我披露","性格/习惯/小癖好","中","高"
"PN-TRUTH-040","truth","375","低","暧昧推进","现场化学反应","高","高"
"PN-NHIE-014","never_have_i","375","中","自我披露","性格/习惯/小癖好","中","中"
"PN-NHIE-017","never_have_i","372","高","自我披露","择偶偏好/吸引力","中","中"
"PN-TRUTH-035","truth","370","低","现场评价/猜测","现场化学反应","高","高"
"PN-MOST-007","most_likely","368","低","现场评价/猜测","现场化学反应","高","高"
"PN-MOST-001","most_likely","367","低","现场评价/猜测","现场化学反应","高","高"
"PN-MOST-002","most_likely","364","低","现场评价/猜测","现场化学反应","高","高"
"PN-NHIE-010","never_have_i","363","低","自我披露","择偶偏好/吸引力","中","中"
"PN-POINT-005","pointing","360","低","现场评价/猜测","现场化学反应","中","中"
"PN-DARE-036","dare","359","低","暧昧推进","现场化学反应","中","高"
"PN-TRUTH-039","truth","358","低","暧昧推进","现场化学反应","高","高"
"PN-NHIE-011","never_have_i","357","中","自我披露","择偶偏好/吸引力","中","中"
"PN-CHEM-005","chemistry","356","中","相互了解","性格/习惯/小癖好","中","中"
"PN-MOST-041","most_likely","355","低","现场评价/猜测","现场化学反应","高","高"
"PN-TRUTH-031","truth","354","低","暧昧推进","择偶偏好/吸引力","高","高"
"PN-NHIE-016","never_have_i","354","低","自我披露","性格/习惯/小癖好","中","中"
"PN-NHIE-012","never_have_i","353","中","自我披露","择偶偏好/吸引力","高","中"
"PN-POINT-001","pointing","348","低","现场评价/猜测","现场化学反应","高","中"
"PN-POINT-002","pointing","346","低","现场评价/猜测","现场化学反应","高","中"
"PN-MOST-003","most_likely","343","低","现场评价/猜测","现场化学反应","中","中"
"PN-MOST-045","most_likely","340","低","现场评价/猜测","现场化学反应","高","高"
"PN-NHIE-013","never_have_i","340","中","自我披露","择偶偏好/吸引力","高","中"
"PN-NHIE-015","never_have_i","339","低","自我披露","现场化学反应","中","中"
"PN-MOST-042","most_likely","338","低","现场评价/猜测","现场化学反应","高","高"
"PN-POINT-006","pointing","337","低","现场评价/猜测","现场化学反应","高","中"
"PN-MOST-039","most_likely","337","低","现场评价/猜测","现场化学反应","高","高"
"PN-POINT-007","pointing","336","低","现场评价/猜测","现场化学反应","高","中"
"PN-MOST-040","most_likely","334","低","现场评价/猜测","现场化学反应","高","高"
"PN-POINT-047","pointing","332","低","现场评价/猜测","择偶偏好/吸引力","高","高"
"PN-POINT-041","pointing","331","低","现场评价/猜测","择偶偏好/吸引力","高","高"
"PN-NHIE-041","never_have_i","331","低","暧昧推进","现场化学反应","中","高"
"PN-NHIE-038","never_have_i","329","低","暧昧推进","现场化学反应","中","中"
"PN-POINT-008","pointing","328","低","现场评价/猜测","现场化学反应","高","中"
"PN-NHIE-035","never_have_i","327","低","暧昧推进","现场化学反应","中","中"
"PN-POINT-004","pointing","327","低","现场评价/猜测","现场化学反应","中","中"
"PN-MOST-036","most_likely","326","低","现场评价/猜测","现场化学反应","高","高"
"PN-NHIE-036","never_have_i","326","低","暧昧推进","现场化学反应","中","中"
"PN-NHIE-044","never_have_i","325","中","暧昧推进","择偶偏好/吸引力","中","中"
"PN-MOST-046","most_likely","324","低","现场评价/猜测","现场化学反应","高","高"
"PN-MOST-035","most_likely","324","低","现场评价/猜测","现场化学反应","高","高"
"PN-MOST-050","most_likely","323","低","现场评价/猜测","现场化学反应","高","高"
"PN-NHIE-045","never_have_i","321","低","暧昧推进","现场化学反应","中","中"
"PN-NHIE-031","never_have_i","321","低","暧昧推进","现场化学反应","中","高"
"PN-NHIE-043","never_have_i","320","低","暧昧推进","现场化学反应","中","中"
"PN-MOST-037","most_likely","319","低","现场评价/猜测","现场化学反应","高","高"
"PN-MOST-048","most_likely","318","低","现场评价/猜测","现场化学反应","高","高"
"PN-POINT-043","pointing","318","低","现场评价/猜测","择偶偏好/吸引力","高","高"
"PN-MOST-049","most_likely","316","低","现场评价/猜测","现场化学反应","高","高"
"PN-NHIE-047","never_have_i","313","中","暧昧推进","择偶偏好/吸引力","中","中"
"PN-POINT-048","pointing","310","低","现场评价/猜测","择偶偏好/吸引力","高","高"
"PN-POINT-036","pointing","309","低","现场评价/猜测","择偶偏好/吸引力","中","高"
"PN-POINT-040","pointing","309","低","现场评价/猜测","择偶偏好/吸引力","中","高"
"PN-NHIE-046","never_have_i","309","低","暧昧推进","现场化学反应","中","中"
"PN-NHIE-034","never_have_i","308","低","暧昧推进","现场化学反应","中","中"
"PN-MOST-047","most_likely","307","低","现场评价/猜测","现场化学反应","高","高"
"PN-POINT-046","pointing","307","低","现场评价/猜测","择偶偏好/吸引力","中","高"
"PN-POINT-042","pointing","306","低","现场评价/猜测","择偶偏好/吸引力","高","高"
"PN-POINT-049","pointing","306","低","现场评价/猜测","择偶偏好/吸引力","高","高"
"PN-EITHER-025","either_or","305","高","自我披露","恋爱观","中","高"
"PN-NHIE-040","never_have_i","305","低","暧昧推进","现场化学反应","中","高"
"PN-CHEM-017","chemistry","304","高","相互了解","生活方式","中","高"
"PN-CHEM-012","chemistry","304","中","相互了解","性格/习惯/小癖好","中","中"
"PN-MOST-043","most_likely","302","低","现场评价/猜测","现场化学反应","高","高"
"PN-EITHER-020","either_or","302","中","自我披露","恋爱观","中","中"
"PN-NHIE-039","never_have_i","301","低","暧昧推进","现场化学反应","中","高"
"PN-NHIE-033","never_have_i","301","低","暧昧推进","现场化学反应","中","中"
"PN-POINT-038","pointing","299","低","现场评价/猜测","择偶偏好/吸引力","高","高"
"PN-NHIE-032","never_have_i","299","低","暧昧推进","现场化学反应","中","高"
"PN-MOST-044","most_likely","298","低","现场评价/猜测","现场化学反应","高","高"
"PN-POINT-039","pointing","298","低","现场评价/猜测","择偶偏好/吸引力","高","高"
"PN-MOST-038","most_likely","297","低","现场评价/猜测","现场化学反应","高","高"
"PN-CHEM-018","chemistry","297","中","相互了解","性格/习惯/小癖好","中","中"
"PN-EITHER-028","either_or","297","中","自我披露","亲密/性观念","中","中"
"PN-CHEM-011","chemistry","296","中","相互了解","择偶偏好/吸引力","中","中"
"PN-POINT-037","pointing","296","低","现场评价/猜测","择偶偏好/吸引力","高","高"
"PN-NHIE-042","never_have_i","296","低","暧昧推进","现场化学反应","中","中"
"PN-EITHER-027","either_or","295","高","自我披露","恋爱观","中","高"
"PN-CHEM-013","chemistry","293","中","相互了解","性格/习惯/小癖好","中","高"
"PN-CHEM-009","chemistry","292","中","相互了解","性格/习惯/小癖好","中","中"
"PN-POINT-045","pointing","292","低","现场评价/猜测","择偶偏好/吸引力","高","高"
"PN-NHIE-049","never_have_i","291","低","暧昧推进","现场化学反应","中","高"
"PN-NHIE-048","never_have_i","290","低","暧昧推进","现场化学反应","中","中"
"PN-EITHER-019","either_or","290","高","自我披露","恋爱观","高","高"
"PN-CHEM-015","chemistry","289","中","相互了解","性格/习惯/小癖好","中","中"
"PN-POINT-044","pointing","289","低","现场评价/猜测","择偶偏好/吸引力","中","高"
"PN-NHIE-037","never_have_i","287","低","暧昧推进","现场化学反应","中","中"
"PN-EITHER-021","either_or","286","中","自我披露","择偶偏好/吸引力","中","中"
"PN-CHEM-014","chemistry","283","中","相互了解","恋爱观","中","高"
"PN-CHEM-010","chemistry","279","中","相互了解","兴趣爱好","中","中"
"PN-EITHER-030","either_or","279","高","自我披露","恋爱观","中","高"
"PN-EITHER-026","either_or","279","中","自我披露","择偶偏好/吸引力","中","中"
"PN-EITHER-029","either_or","277","高","自我披露","恋爱观","中","高"
"PN-POINT-035","pointing","276","低","现场评价/猜测","择偶偏好/吸引力","高","高"
"PN-CHEM-016","chemistry","271","中","相互了解","恋爱观","中","高"
"PN-EITHER-023","either_or","269","高","自我披露","择偶偏好/吸引力","高","高"
"PN-EITHER-024","either_or","264","中","自我披露","恋爱观","中","中"
"PN-POINT-010","pointing","263","低","现场评价/猜测","择偶偏好/吸引力","高","中"
"PN-NHIE-030","never_have_i","263","中","自我披露","恋爱观","高","高"
"PN-EITHER-022","either_or","259","高","自我披露","恋爱观","高","高"
"PN-NHIE-019","never_have_i","257","中","自我披露","性格/习惯/小癖好","高","高"
"PN-POINT-011","pointing","254","低","现场评价/猜测","现场化学反应","高","中"
"PN-CHEM-029","chemistry","250","高","相互了解","恋爱观","中","高"
"PN-NHIE-027","never_have_i","248","低","自我披露","现场化学反应","高","中"
"PN-POINT-016","pointing","247","低","现场评价/猜测","现场化学反应","高","中"
"PN-MOST-013","most_likely","247","低","现场评价/猜测","现场化学反应","高","高"
"PN-NHIE-020","never_have_i","246","低","自我披露","择偶偏好/吸引力","高","高"
"PN-CHEM-020","chemistry","246","高","相互了解","择偶偏好/吸引力","中","高"
"PN-MOST-015","most_likely","245","低","现场评价/猜测","现场化学反应","高","高"
"PN-MOST-011","most_likely","237","低","现场评价/猜测","现场化学反应","高","高"
"PN-POINT-013","pointing","236","低","现场评价/猜测","现场化学反应","中","中"
"PN-CHEM-021","chemistry","236","中","相互了解","生活方式","中","中"
"PN-MOST-014","most_likely","235","低","现场评价/猜测","现场化学反应","高","高"
"PN-DARE-007","dare","234","0","行动互动","无明确人物信息增量","中","中"
"PN-NHIE-023","never_have_i","234","低","自我披露","现场化学反应","中","中"
"PN-NHIE-024","never_have_i","234","中","自我披露","性格/习惯/小癖好","高","中"
"PN-POINT-017","pointing","233","低","现场评价/猜测","现场化学反应","高","中"
"PN-MOST-016","most_likely","233","低","现场评价/猜测","现场化学反应","高","高"
"PN-CHEM-023","chemistry","233","高","相互了解","择偶偏好/吸引力","中","高"
"PN-CHEM-026","chemistry","233","高","相互了解","生活方式","中","高"
"PN-POINT-009","pointing","232","低","现场评价/猜测","现场化学反应","高","中"
"PN-NHIE-021","never_have_i","232","中","自我披露","性格/习惯/小癖好","高","中"
"PN-MOST-009","most_likely","231","低","现场评价/猜测","现场化学反应","高","高"
"PN-NHIE-029","never_have_i","231","低","自我披露","现场化学反应","中","中"
"PN-NHIE-028","never_have_i","230","低","自我披露","现场化学反应","中","中"
"PN-POINT-012","pointing","229","低","现场评价/猜测","现场化学反应","中","中"
"PN-NHIE-022","never_have_i","229","低","自我披露","现场化学反应","高","中"
"PN-MOST-018","most_likely","229","低","现场评价/猜测","现场化学反应","高","高"
"PN-CHEM-024","chemistry","229","中","相互了解","恋爱观","中","高"
"PN-TRUTH-010","truth","228","低","现场评价/猜测","现场化学反应","中","高"
"PN-DARE-006","dare","226","低","自我披露","现场化学反应","中","中"
"PN-CHEM-025","chemistry","226","高","相互了解","择偶偏好/吸引力","中","高"
"PN-TRUTH-003","truth","225","低","现场评价/猜测","现场化学反应","中","中"
"PN-MOST-012","most_likely","225","低","现场评价/猜测","现场化学反应","高","高"
"PN-TRUTH-002","truth","224","低","现场评价/猜测","现场化学反应","高","中"
"PN-DARE-008","dare","224","低","自我披露","现场化学反应","中","中"
"PN-NHIE-026","never_have_i","223","中","自我披露","性格/习惯/小癖好","高","中"
"PN-MOST-017","most_likely","222","低","现场评价/猜测","现场化学反应","高","高"
"PN-DARE-004","dare","221","低","相互了解","现场化学反应","中","高"
"PN-CHEM-027","chemistry","221","高","相互了解","恋爱观","中","高"
"PN-TRUTH-009","truth","220","低","现场评价/猜测","现场化学反应","中","中"
"PN-DARE-003","dare","220","0","行动互动","无明确人物信息增量","低","低"
"PN-TRUTH-008","truth","219","低","现场评价/猜测","现场化学反应","高","中"
"PN-POINT-015","pointing","218","低","现场评价/猜测","现场化学反应","中","中"
"PN-NHIE-025","never_have_i","218","低","自我披露","性格/习惯/小癖好","高","中"
"PN-DARE-005","dare","217","0","行动互动","无明确人物信息增量","中","中"
"PN-CHEM-022","chemistry","216","高","相互了解","生活方式","中","高"
"PN-DARE-001","dare","215","低","自我披露","现场化学反应","中","中"
"PN-CHEM-019","chemistry","215","中","相互了解","性格/习惯/小癖好","中","中"
"PN-TRUTH-004","truth","211","低","现场评价/猜测","现场化学反应","中","中"
"PN-POINT-014","pointing","210","低","现场评价/猜测","现场化学反应","高","中"
"PN-MOST-010","most_likely","210","低","现场评价/猜测","现场化学反应","高","高"
"PN-TRUTH-006","truth","209","中","现场评价/猜测","性格/习惯/小癖好","中","中"
"PN-POINT-018","pointing","207","低","现场评价/猜测","现场化学反应","高","中"
"PN-TRUTH-007","truth","205","低","现场评价/猜测","现场化学反应","中","中"
"PN-CHEM-030","chemistry","205","高","相互了解","生活方式","中","高"
"PN-CHEM-028","chemistry","205","高","相互了解","择偶偏好/吸引力","中","高"
"PN-TRUTH-011","truth","205","低","现场评价/猜测","现场化学反应","中","高"
"PN-TRUTH-014","truth","205","低","现场评价/猜测","现场化学反应","中","中"
"PN-TRUTH-018","truth","204","低","现场评价/猜测","性格/习惯/小癖好","中","中"
"PN-TRUTH-001","truth","202","低","现场评价/猜测","现场化学反应","高","中"
"PN-TRUTH-016","truth","201","低","现场评价/猜测","现场化学反应","中","高"
"PN-TRUTH-005","truth","200","低","现场评价/猜测","现场化学反应","中","中"
"PN-DARE-011","dare","200","0","纯看戏/低信息","无明确人物信息增量","中","中"
"PN-DARE-010","dare","198","0","行动互动","无明确人物信息增量","中","中"
"PN-TRUTH-012","truth","194","中","自我披露","性格/习惯/小癖好","中","中"
"PN-MOST-021","most_likely","192","低","现场评价/猜测","现场化学反应","高","高"
"PN-DARE-002","dare","190","0","行动互动","无明确人物信息增量","中","中"
"PN-TRUTH-015","truth","189","低","现场评价/猜测","现场化学反应","中","中"
"PN-DARE-009","dare","188","低","现场评价/猜测","现场化学反应","高","高"
"PN-TRUTH-019","truth","187","低","现场评价/猜测","现场化学反应","中","中"
"PN-TRUTH-028","truth","186","低","现场评价/猜测","现场化学反应","高","高"
"PN-TRUTH-013","truth","186","中","相互了解","兴趣爱好","中","高"
"PN-TRUTH-017","truth","185","中","现场评价/猜测","恋爱观","高","中"
"PN-TRUTH-020","truth","184","低","自我披露","现场化学反应","中","中"
"PN-MOST-023","most_likely","182","低","现场评价/猜测","现场化学反应","高","高"
"PN-POINT-025","pointing","182","低","现场评价/猜测","现场化学反应","高","中"
"PN-POINT-020","pointing","181","低","现场评价/猜测","择偶偏好/吸引力","高","中"
"PN-POINT-027","pointing","180","低","现场评价/猜测","现场化学反应","高","中"
"PN-DARE-013","dare","180","中","自我披露","生活方式","中","中"
"PN-DARE-017","dare","179","0","行动互动","无明确人物信息增量","中","中"
"PN-DARE-018","dare","177","中","自我披露","生活方式","中","中"
"PN-DARE-027","dare","176","0","行动互动","无明确人物信息增量","中","中"
"PN-DARE-030","dare","176","低","暧昧推进","现场化学反应","中","高"
"PN-POINT-019","pointing","176","低","现场评价/猜测","现场化学反应","高","中"
"PN-TRUTH-029","truth","175","中","自我披露","性格/习惯/小癖好","中","中"
"PN-MOST-025","most_likely","175","低","现场评价/猜测","现场化学反应","高","高"
"PN-POINT-022","pointing","175","低","现场评价/猜测","现场化学反应","高","中"
"PN-DARE-012","dare","175","0","行动互动","无明确人物信息增量","中","中"
"PN-TRUTH-027","truth","174","低","现场评价/猜测","现场化学反应","高","中"
"PN-POINT-030","pointing","174","低","现场评价/猜测","现场化学反应","高","高"
"PN-DARE-014","dare","174","低","行动互动","现场化学反应","高","中"
"PN-DARE-023","dare","173","低","暧昧推进","现场化学反应","中","高"
"PN-DARE-016","dare","173","0","行动互动","无明确人物信息增量","高","中"
"PN-TRUTH-026","truth","172","低","现场评价/猜测","现场化学反应","高","中"
"PN-DARE-024","dare","171","中","暧昧推进","择偶偏好/吸引力","中","高"
"PN-MOST-020","most_likely","171","低","现场评价/猜测","现场化学反应","高","高"
"PN-MOST-019","most_likely","171","低","现场评价/猜测","现场化学反应","高","高"
"PN-MOST-026","most_likely","170","低","现场评价/猜测","现场化学反应","高","高"
"PN-DARE-015","dare","170","低","自我披露","现场化学反应","中","低"
"PN-POINT-033","pointing","169","低","现场评价/猜测","现场化学反应","高","高"
"PN-TRUTH-021","truth","168","低","现场评价/猜测","现场化学反应","高","高"
"PN-POINT-026","pointing","168","低","现场评价/猜测","现场化学反应","高","中"
"PN-MOST-024","most_likely","168","低","现场评价/猜测","现场化学反应","高","高"
"PN-DARE-019","dare","167","中","暧昧推进","择偶偏好/吸引力","高","高"
"PN-POINT-031","pointing","167","低","现场评价/猜测","现场化学反应","高","高"
"PN-MOST-034","most_likely","166","低","现场评价/猜测","现场化学反应","高","高"
"PN-MOST-028","most_likely","166","低","现场评价/猜测","现场化学反应","高","高"
"PN-TRUTH-030","truth","165","高","现场评价/猜测","择偶偏好/吸引力","中","高"
"PN-MOST-031","most_likely","164","低","现场评价/猜测","现场化学反应","高","高"
"PN-TRUTH-024","truth","163","低","现场评价/猜测","现场化学反应","高","中"
"PN-DARE-022","dare","163","0","纯看戏/低信息","现场化学反应","高","中"
"PN-DARE-028","dare","162","低","暧昧推进","现场化学反应","高","高"
"PN-TRUTH-023","truth","162","高","现场评价/猜测","择偶偏好/吸引力","中","高"
"PN-MOST-030","most_likely","162","低","现场评价/猜测","现场化学反应","高","高"
"PN-MOST-027","most_likely","162","低","现场评价/猜测","现场化学反应","高","高"
"PN-DARE-029","dare","159","中","暧昧推进","亲密/性观念","高","高"
"PN-MOST-032","most_likely","159","低","现场评价/猜测","现场化学反应","高","高"
"PN-POINT-021","pointing","159","低","现场评价/猜测","现场化学反应","中","中"
"PN-POINT-028","pointing","159","低","现场评价/猜测","现场化学反应","高","中"
"PN-MOST-033","most_likely","159","低","现场评价/猜测","现场化学反应","高","高"
"PN-TRUTH-022","truth","158","低","现场评价/猜测","现场化学反应","高","高"
"PN-POINT-029","pointing","157","低","现场评价/猜测","现场化学反应","高","高"
"PN-DARE-021","dare","156","0","行动互动","无明确人物信息增量","低","低"
"PN-POINT-024","pointing","154","低","现场评价/猜测","现场化学反应","高","中"
"PN-POINT-032","pointing","152","低","现场评价/猜测","现场化学反应","高","高"
"PN-DARE-026","dare","151","中","暧昧推进","择偶偏好/吸引力","高","高"
"PN-POINT-034","pointing","151","低","现场评价/猜测","现场化学反应","高","高"
"PN-POINT-023","pointing","151","低","现场评价/猜测","现场化学反应","高","中"
"PN-TRUTH-025","truth","148","低","现场评价/猜测","现场化学反应","高","中"
"PN-MOST-029","most_likely","146","低","现场评价/猜测","现场化学反应","高","高"
"PN-DARE-020","dare","145","低","暧昧推进","现场化学反应","高","高"
"PN-MOST-022","most_likely","143","低","现场评价/猜测","现场化学反应","高","高"
"PN-DARE-025","dare","139","0","行动互动","无明确人物信息增量","中","中"
